,Gene_set,Term,Overlap,P-value,Adjusted P-value,Odds Ratio,Combined Score,Genes,direction,KEGG_Pathway,KEGG_Pathway_Name,contrast,strain
64,gs_ind_0,ko01100,78/723,0.00017765342914275486,0.008231275550280975,1.7759514360687512,15.336541074425519,ko:K11472;ko:K12661;ko:K01433;ko:K00148;ko:K00114;ko:K03782;ko:K00249;ko:K14274;ko:K01785;ko:K01805;ko:K06044;ko:K00700;ko:K01485;ko:K01725;ko:K01061;ko:K00412;ko:K00020;ko:K00104;ko:K01703;ko:K00031;ko:K01584;ko:K11473;ko:K01130;ko:K01483;ko:K00600;ko:K00303;ko:K01782;ko:K00305;ko:K03335;ko:K01969;ko:K01042;ko:K00059;ko:K00413;ko:K01874;ko:K00140;ko:K00128;ko:K00304;ko:K00615;ko:K00074;ko:K18289;ko:K00404;ko:K14259;ko:K01685;ko:K00626;ko:K01607;ko:K21834;ko:K07248;ko:K21833;ko:K18333;ko:K01897;ko:K07043;ko:K00405;ko:K00008;ko:K00406;ko:K00703;ko:K01637;ko:K07046;ko:K03781;ko:K01915;ko:K00123;ko:K08738;ko:K00130;ko:K18930;ko:K03338;ko:K01707;ko:K00127;ko:K01752;ko:K02510;ko:K00263;ko:K01708;ko:K00097;ko:K03336;ko:K01477;ko:K01638;ko:K00479;ko:K00302;ko:K00253;ko:K01712,up,ko01100,Metabolic pathways,1_vs_0,Pseudomonas1
66,gs_ind_0,ko01120,31/221,0.000446866943090148,0.015528626272382643,2.1763926705423504,16.78706005683351,ko:K11472;ko:K12661;ko:K01061;ko:K00148;ko:K00140;ko:K00114;ko:K00128;ko:K01637;ko:K07046;ko:K00615;ko:K00074;ko:K01915;ko:K00104;ko:K00123;ko:K00626;ko:K01607;ko:K07248;ko:K03338;ko:K01785;ko:K03862;ko:K00127;ko:K00031;ko:K02510;ko:K11473;ko:K00600;ko:K01782;ko:K03336;ko:K03335;ko:K18333;ko:K01477;ko:K01638,up,ko01120,Microbial metabolism in diverse environments,1_vs_0,Pseudomonas1
78,gs_ind_0,ko02020,18/123,0.004844222079466439,0.04218419067071588,2.2210005872953005,11.837863408732176,ko:K03406;ko:K00405;ko:K00626;ko:K07684;ko:K11689;ko:K02651;ko:K11688;ko:K02279;ko:K01915;ko:K00412;ko:K00404;ko:K00406;ko:K11690;ko:K08738;ko:K00413;ko:K02283;ko:K01991;ko:K18093,up,ko02020,Two-component system,1_vs_0,Pseudomonas1
67,gs_ind_0,ko01200,14/88,0.006009193805764657,0.04913399641184043,2.443576897627375,12.497587739612047,ko:K01782;ko:K00615;ko:K00148;ko:K03781;ko:K00140;ko:K00031;ko:K00074;ko:K00127;ko:K01752;ko:K01638;ko:K00600;ko:K00123;ko:K01637;ko:K00626,up,ko01200,Carbon metabolism,1_vs_0,Pseudomonas1
14,gs_ind_0,ko00260,10/40,0.0006105456536126048,0.016973169170430413,4.310391545860995,31.90188665946965,ko:K00130;ko:K00304;ko:K00305;ko:K01752;ko:K00479;ko:K00600;ko:K00302;ko:K00303;ko:K21833;ko:K21834,up,ko00260,"Glycine, serine and threonine metabolism",1_vs_0,Pseudomonas1
192,gs_ind_0,ko03010,8/53,0.0011445555976615695,0.024607945349723746,4.63869992441421,31.41670315274028,ko:K02931;ko:K02967;ko:K02935;ko:K02954;ko:K02864;ko:K02890;ko:K02874;ko:K02895,down,ko03010,Ribosome,1_vs_0,Pseudomonas1
162,gs_ind_0,ko00620,6/36,0.002902094438868025,0.04991602434853003,5.215238257028795,30.469104241458254,ko:K01003;ko:K01649;ko:K13979;ko:K00116;ko:K01679;ko:K00163,down,ko00620,Pyruvate metabolism,1_vs_0,Pseudomonas1
27,gs_ind_0,ko00380,5/15,0.003987498737308624,0.03959016603470705,6.4387846291331545,35.57165243420899,ko:K01782;ko:K03782;ko:K03781;ko:K00128;ko:K00626,up,ko00380,Tryptophan metabolism,1_vs_0,Pseudomonas1
182,gs_ind_0,ko01210,7/32,0.00022609748685440453,0.011108581087921985,7.288266091777025,61.18167253342244,ko:K01649;ko:K01704;ko:K00053;ko:K00163;ko:K01438;ko:K01703;ko:K00812,down,ko01210,2-Oxocarboxylic acid metabolism,1_vs_0,Pseudomonas1
42,gs_ind_0,ko00630,13/34,4.644076697059544e-07,6.455266608912766e-05,8.025600938049639,117.03335033341534,ko:K07248;ko:K11472;ko:K01433;ko:K03781;ko:K00127;ko:K01638;ko:K01915;ko:K00104;ko:K11473;ko:K00600;ko:K00123;ko:K01637;ko:K00626,up,ko00630,Glyoxylate and dicarboxylate metabolism,1_vs_0,Pseudomonas1
6,gs_ind_0,ko00053,4/10,0.004855734177924131,0.04218419067071588,8.479384615384616,45.1747268059289,ko:K00128;ko:K01707;ko:K01708;ko:K14259,up,ko00053,Ascorbate and aldarate metabolism,1_vs_0,Pseudomonas1
3,gs_ind_0,ko00040,5/12,0.001272120524060441,0.02210309410555016,9.02609472743521,60.17760597858519,ko:K14274;ko:K00008;ko:K01805;ko:K14259;ko:K01685,up,ko00040,Pentose and glucuronate interconversions,1_vs_0,Pseudomonas1
8,gs_ind_0,ko00071,5/12,0.001272120524060441,0.02210309410555016,9.02609472743521,60.17760597858519,ko:K01782;ko:K00128;ko:K00249;ko:K01897;ko:K00626,up,ko00071,Fatty acid degradation,1_vs_0,Pseudomonas1
16,gs_ind_0,ko00280,9/20,6.052469134446405e-06,0.0004206466048440251,10.372483621203097,124.62584966817322,ko:K01782;ko:K00020;ko:K00140;ko:K00128;ko:K00263;ko:K01969;ko:K00249;ko:K00253;ko:K00626,up,ko00280,"Valine, leucine and isoleucine degradation",1_vs_0,Pseudomonas1
110,gs_ind_0,ko05014,4/8,0.0018296713985989103,0.02312039312774987,12.258666666666667,77.27396278900753,ko:K08738;ko:K00412;ko:K03781;ko:K00413,up,ko05014,Amyotrophic lateral sclerosis,1_vs_0,Pseudomonas1
35,gs_ind_0,ko00562,4/8,0.0018296713985989103,0.02312039312774987,12.258666666666667,77.27396278900753,ko:K00140;ko:K03338;ko:K03335;ko:K03336,up,ko00562,Inositol phosphate metabolism,1_vs_0,Pseudomonas1
148,gs_ind_0,ko00290,4/12,0.0010151594171431207,0.024607945349723746,12.810689758136757,88.30036450395369,ko:K01649;ko:K01703;ko:K00053;ko:K01704,down,ko00290,"Valine, leucine and isoleucine biosynthesis",1_vs_0,Pseudomonas1
114,gs_ind_0,ko05022,4/7,0.0009728943226943039,0.02210309410555016,15.768,109.35478692192382,ko:K08738;ko:K00412;ko:K03781;ko:K00413,up,ko05022,Pathways of neurodegeneration - multiple diseases,1_vs_0,Pseudomonas1
108,gs_ind_0,ko05010,3/5,0.003945192195289415,0.03959016603470705,17.085941644562332,94.57508846366613,ko:K08738;ko:K00412;ko:K00413,up,ko05010,Alzheimer disease,1_vs_0,Pseudomonas1
113,gs_ind_0,ko05020,3/5,0.003945192195289415,0.03959016603470705,17.085941644562332,94.57508846366613,ko:K08738;ko:K00412;ko:K00413,up,ko05020,Prion disease,1_vs_0,Pseudomonas1
104,gs_ind_0,ko04932,3/4,0.0016724316945808644,0.02312039312774987,28.48894783377542,182.1434215363141,ko:K08738;ko:K00412;ko:K00413,up,ko04932,Non-alcoholic fatty liver disease,1_vs_0,Pseudomonas1
217,gs_ind_0,ko05152,3/4,0.00025833909506795314,0.011108581087921985,56.05862646566164,463.11362794361816,ko:K04077;ko:K04043;ko:K02040,down,ko05152,Tuberculosis,1_vs_0,Pseudomonas1
68,gs_ind_0,ko02025,10/49,0.0011605918653443134,0.019343197755738558,3.8607594936708862,26.094198461374223,ko:K21000;ko:K02405;ko:K20998;ko:K11903;ko:K20999;ko:K21003;ko:K11893;ko:K21004;ko:K11900;ko:K21001,up,ko02025,Biofilm formation - Pseudomonas aeruginosa,2_vs_0,Pseudomonas1
35,gs_ind_0,ko00630,9/34,0.0002673520849249106,0.0066838021231227646,5.409599802065936,44.50447516477121,ko:K07248;ko:K03781;ko:K00124;ko:K00127;ko:K01915;ko:K00104;ko:K00123;ko:K01637;ko:K19268,up,ko00630,Glyoxylate and dicarboxylate metabolism,2_vs_0,Pseudomonas1
27,gs_ind_0,ko00541,6/21,0.0019243531260973432,0.027490758944247757,6.0020972735443925,37.53210703501653,ko:K20429;ko:K01790;ko:K00978;ko:K01709;ko:K19180;ko:K21379,up,ko00541,Biosynthesis of various nucleotide sugars,2_vs_0,Pseudomonas1
23,gs_ind_0,ko00500,6/15,0.00024902487030902806,0.0066838021231227646,9.818315137689424,81.4719645395227,ko:K00688;ko:K00978;ko:K06044;ko:K00703;ko:K16147;ko:K00700,up,ko00500,Starch and sucrose metabolism,2_vs_0,Pseudomonas1
3,gs_ind_0,ko00040,5/12,0.0006843777294998115,0.013687554589996228,10.467487179487179,76.2765849037245,ko:K14274;ko:K00008;ko:K01805;ko:K01685;ko:K13877,up,ko00040,Pentose and glucuronate interconversions,2_vs_0,Pseudomonas1
70,gs_ind_0,ko02030,8/16,2.7883099847563846e-06,0.00013941549923781924,14.536050156739812,185.91717004984858,ko:K03406;ko:K02417;ko:K03415;ko:K02416;ko:K02410;ko:K03408;ko:K03407;ko:K03776,up,ko02030,Bacterial chemotaxis,2_vs_0,Pseudomonas1
110,gs_ind_0,ko00290,5/12,0.000143548399911427,0.014641936790965553,15.025396825396825,132.95730687149737,ko:K01649;ko:K01704;ko:K00053;ko:K01653;ko:K01703,down,ko00290,"Valine, leucine and isoleucine biosynthesis",2_vs_0,Pseudomonas1
127,gs_ind_0,ko00660,4/9,0.0005333746061719072,0.018134736609844847,16.634022629730783,125.35876109711769,ko:K01653;ko:K01703;ko:K01902;ko:K01704,down,ko00660,C5-Branched dibasic acid metabolism,2_vs_0,Pseudomonas1
71,gs_ind_0,ko02040,24/42,1.6533467308617246e-18,1.6533467308617245e-16,21.304548450889914,872.287682070024,ko:K02400;ko:K02407;ko:K02387;ko:K02395;ko:K02405;ko:K02390;ko:K02392;ko:K02415;ko:K02412;ko:K02417;ko:K02408;ko:K02409;ko:K02416;ko:K02388;ko:K02396;ko:K02410;ko:K10943;ko:K02397;ko:K02414;ko:K02393;ko:K02394;ko:K02413;ko:K02389;ko:K02391,up,ko02040,Flagellar assembly,2_vs_0,Pseudomonas1
195,gs_ind_0,ko05152,3/4,0.00042018932707153366,0.018134736609844847,47.11347517730496,366.2980903623427,ko:K04077;ko:K04043;ko:K02040,down,ko05152,Tuberculosis,2_vs_0,Pseudomonas1
83,gs_ind_0,ko01120,55/221,0.00035276277038864123,0.02539891946798217,1.828340466000951,14.534785198945738,ko:K03778;ko:K01061;ko:K12972;ko:K03381;ko:K00299;ko:K00140;ko:K00830;ko:K01857;ko:K04091;ko:K01640;ko:K00362;ko:K07046;ko:K13788;ko:K14974;ko:K10680;ko:K15784;ko:K00615;ko:K15357;ko:K01426;ko:K00074;ko:K00449;ko:K15054;ko:K00836;ko:K00104;ko:K01555;ko:K01915;ko:K00123;ko:K05550;ko:K00626;ko:K19713;ko:K01607;ko:K05275;ko:K07248;ko:K19745;ko:K00135;ko:K11178;ko:K00127;ko:K06152;ko:K01778;ko:K06151;ko:K03863;ko:K00641;ko:K18030;ko:K03336;ko:K00137;ko:K11177;ko:K03335;ko:K01477;ko:K01457;ko:K00451;ko:K05306;ko:K03896;ko:K05783;ko:K20807;ko:K00865,up,ko01120,Microbial metabolism in diverse environments,7_vs_0,Pseudomonas1
238,gs_ind_0,ko01110,122/277,1.852831292790671e-06,0.00018157746669348576,1.8524473026080743,24.45007341850675,ko:K01962;ko:K00163;ko:K07226;ko:K01714;ko:K03183;ko:K00766;ko:K00940;ko:K02078;ko:K00655;ko:K00765;ko:K09913;ko:K00919;ko:K00036;ko:K01682;ko:K00133;ko:K00791;ko:K00239;ko:K00249;ko:K01835;ko:K01952;ko:K01710;ko:K00826;ko:K03182;ko:K00241;ko:K00963;ko:K00382;ko:K01923;ko:K01790;ko:K00973;ko:K01895;ko:K08289;ko:K01956;ko:K01649;ko:K01647;ko:K00242;ko:K01653;ko:K01687;ko:K00104;ko:K00948;ko:K08591;ko:K00067;ko:K01689;ko:K01803;ko:K02502;ko:K01624;ko:K00939;ko:K01735;ko:K00031;ko:K00116;ko:K01778;ko:K00600;ko:K00793;ko:K00208;ko:K00891;ko:K01961;ko:K03526;ko:K00053;ko:K00059;ko:K00632;ko:K00688;ko:K01586;ko:K01902;ko:K00240;ko:K00128;ko:K00064;ko:K01918;ko:K00928;ko:K00806;ko:K06134;ko:K00851;ko:K00615;ko:K00831;ko:K10536;ko:K11175;ko:K17103;ko:K01610;ko:K01609;ko:K00164;ko:K00847;ko:K02160;ko:K01007;ko:K00145;ko:K00764;ko:K00266;ko:K00265;ko:K00058;ko:K00616;ko:K00981;ko:K00605;ko:K02437;ko:K01497;ko:K00658;ko:K00111;ko:K08973;ko:K01092;ko:K00090;ko:K01585;ko:K01810;ko:K00134;ko:K00640;ko:K03781;ko:K01652;ko:K20862;ko:K01915;ko:K02523;ko:K00052;ko:K00927;ko:K01955;ko:K00794;ko:K00819;ko:K00931;ko:K01807;ko:K00057;ko:K15633;ko:K00957;ko:K15778;ko:K03786;ko:K01638;ko:K00274;ko:K01940;ko:K03841;ko:K01885,down,ko01110,Biosynthesis of secondary metabolites,7_vs_0,Pseudomonas1
240,gs_ind_0,ko01200,44/88,0.00016570231466708643,0.00463966481067842,2.253549695740365,19.617865974397137,ko:K01962;ko:K00131;ko:K01491;ko:K01647;ko:K01902;ko:K00240;ko:K00242;ko:K00163;ko:K01810;ko:K00851;ko:K00134;ko:K00640;ko:K00036;ko:K00615;ko:K03781;ko:K01682;ko:K00831;ko:K00239;ko:K01610;ko:K00948;ko:K01689;ko:K00123;ko:K00927;ko:K01803;ko:K00164;ko:K01624;ko:K02160;ko:K01807;ko:K01007;ko:K15633;ko:K00031;ko:K00116;ko:K00600;ko:K00058;ko:K00616;ko:K00241;ko:K00382;ko:K01961;ko:K00605;ko:K02437;ko:K01638;ko:K00658;ko:K01895;ko:K03841,down,ko01200,Carbon metabolism,7_vs_0,Pseudomonas1
259,gs_ind_0,ko02040,24/42,0.0004456622312796072,0.008734979733080302,2.951176983435048,22.771131748824622,ko:K03086;ko:K02406;ko:K03092;ko:K02557;ko:K02407;ko:K02387;ko:K02386;ko:K10941;ko:K02405;ko:K02398;ko:K02390;ko:K02399;ko:K21218;ko:K02392;ko:K02415;ko:K02408;ko:K02422;ko:K02420;ko:K02416;ko:K02388;ko:K02396;ko:K02556;ko:K02424;ko:K02413,down,ko02040,Flagellar assembly,7_vs_0,Pseudomonas1
144,gs_ind_0,ko00010,17/28,0.0012276847432289185,0.020052184139405668,3.3740321620011913,22.614873014787104,ko:K00131;ko:K00134;ko:K01007;ko:K00382;ko:K15633;ko:K00128;ko:K03841;ko:K00163;ko:K01810;ko:K01610;ko:K01689;ko:K01835;ko:K00927;ko:K01895;ko:K01803;ko:K15778;ko:K01624,down,ko00010,Glycolysis / Gluconeogenesis,7_vs_0,Pseudomonas1
145,gs_ind_0,ko00020,14/23,0.0032396319748650856,0.0453548476481112,3.374952976984371,19.346227909942176,ko:K00382;ko:K01902;ko:K01647;ko:K00240;ko:K00242;ko:K01682;ko:K00239;ko:K00163;ko:K01610;ko:K00031;ko:K00116;ko:K00658;ko:K00164;ko:K00241,down,ko00020,Citrate cycle (TCA cycle),7_vs_0,Pseudomonas1
158,gs_ind_0,ko00240,19/29,0.00015062699629726857,0.00463966481067842,4.130897879099318,36.35480948975612,ko:K06966;ko:K01937;ko:K00940;ko:K01520;ko:K01494;ko:K09913;ko:K00945;ko:K09903;ko:K01955;ko:K00526;ko:K01465;ko:K00560;ko:K00525;ko:K00762;ko:K01485;ko:K00761;ko:K16066;ko:K01956;ko:K07043,down,ko00240,Pyrimidine metabolism,7_vs_0,Pseudomonas1
104,gs_ind_0,ko03070,19/42,7.8939144876026e-06,0.0011367236862147743,4.434477443505546,52.102530928369916,ko:K03223;ko:K02454;ko:K02460;ko:K03222;ko:K02458;ko:K02453;ko:K02459;ko:K03219;ko:K11891;ko:K11904;ko:K03226;ko:K03230;ko:K02456;ko:K11907;ko:K03229;ko:K11906;ko:K11892;ko:K03224;ko:K03227,up,ko03070,Bacterial secretion system,7_vs_0,Pseudomonas1
258,gs_ind_0,ko02030,11/16,0.0023030168612356077,0.03472240806170608,4.6162400706090025,28.036897191756175,ko:K03406;ko:K03413;ko:K03415;ko:K03412;ko:K12368;ko:K02416;ko:K02557;ko:K02556;ko:K03408;ko:K00575;ko:K03414,down,ko02030,Bacterial chemotaxis,7_vs_0,Pseudomonas1
227,gs_ind_0,ko00970,18/26,7.625783537262214e-05,0.0036216330112004173,4.840550197871441,45.8951461224613,ko:K02435;ko:K01890;ko:K01873;ko:K01874;ko:K01881;ko:K00604;ko:K01875;ko:K01872;ko:K01885;ko:K01868;ko:K01869;ko:K01889;ko:K02434;ko:K01876;ko:K01870;ko:K01886;ko:K01892;ko:K01866,down,ko00970,Aminoacyl-tRNA biosynthesis,7_vs_0,Pseudomonas1
263,gs_ind_0,ko03018,12/16,0.0004113311122476382,0.008734979733080302,6.144235616043782,47.90114927453278,ko:K04077;ko:K00962;ko:K03666;ko:K08300;ko:K04043;ko:K08311;ko:K03628;ko:K12573;ko:K01689;ko:K00970;ko:K03732;ko:K00937,down,ko03018,RNA degradation,7_vs_0,Pseudomonas1
207,gs_ind_0,ko00710,9/11,0.0008216810869926262,0.014640863004595885,8.382569399612652,59.55109922297326,ko:K00134;ko:K01807;ko:K01803;ko:K00615;ko:K01610;ko:K00927;ko:K03841;ko:K00616;ko:K01624,down,ko00710,Carbon fixation by Calvin cycle,7_vs_0,Pseudomonas1
266,gs_ind_0,ko03060,12/14,4.026714598347264e-05,0.0026307868709202122,11.072585871678548,112.05428841592357,ko:K03074;ko:K03110;ko:K03217;ko:K03106;ko:K03101;ko:K03070;ko:K03076;ko:K03073;ko:K03210;ko:K03100;ko:K03072;ko:K03071,down,ko03060,Protein export,7_vs_0,Pseudomonas1
288,gs_ind_0,ko04212,7/7,0.00029597687203622176,0.0072514333648874335,33.042498390212494,268.4778741391673,ko:K04077;ko:K00799;ko:K03781;ko:K04043;ko:K01358;ko:K00507;ko:K04564,down,ko04212,Longevity regulating pathway - worm,7_vs_0,Pseudomonas1
262,gs_ind_0,ko03010,50/53,1.9420244716846202e-22,3.806367964501856e-20,33.58798325055994,1679.1687850632575,ko:K02931;ko:K02948;ko:K02902;ko:K02946;ko:K02926;ko:K02990;ko:K02992;ko:K02888;ko:K02867;ko:K02968;ko:K02876;ko:K02939;ko:K02886;ko:K02916;ko:K02982;ko:K02881;ko:K02890;ko:K02933;ko:K02899;ko:K02961;ko:K02967;ko:K02988;ko:K02863;ko:K02879;ko:K02884;ko:K02907;ko:K02871;ko:K02954;ko:K02892;ko:K02864;ko:K02895;ko:K02970;ko:K02994;ko:K02906;ko:K02950;ko:K02935;ko:K02909;ko:K02963;ko:K02952;ko:K02904;ko:K02887;ko:K02986;ko:K02959;ko:K02965;ko:K02956;ko:K02911;ko:K02897;ko:K02878;ko:K02874;ko:K02945,down,ko03010,Ribosome,7_vs_0,Pseudomonas1
155,gs_ind_0,ko00195,8/8,9.238859722450044e-05,0.0036216330112004173,37.49645390070922,348.3235707455801,ko:K02112;ko:K02109;ko:K02115;ko:K02108;ko:K02114;ko:K02113;ko:K02111;ko:K02110,down,ko00195,Photosynthesis,7_vs_0,Pseudomonas1
90,gs_ind_0,ko01120,45/204,0.0021373641537344393,0.03441156287512447,1.742891886908114,10.715616375370555,ko:K01428;ko:K01061;ko:K00148;ko:K00140;ko:K00128;ko:K01429;ko:K01720;ko:K01640;ko:K13779;ko:K00121;ko:K03897;ko:K00926;ko:K00615;ko:K01692;ko:K00372;ko:K01426;ko:K00248;ko:K11731;ko:K00626;ko:K03338;ko:K13774;ko:K01785;ko:K00874;ko:K01679;ko:K01960;ko:K00600;ko:K00010;ko:K16181;ko:K00363;ko:K01738;ko:K09788;ko:K13778;ko:K01782;ko:K03336;ko:K00382;ko:K03337;ko:K03335;ko:K16841;ko:K01070;ko:K01477;ko:K00252;ko:K01895;ko:K06606;ko:K00632;ko:K00034,up,ko01120,Microbial metabolism in diverse environments,1_vs_0,Pseudomonas2
105,gs_ind_0,ko02010,28/104,0.0006758219943918683,0.01554390587101297,2.252713453405495,16.44386395911471,ko:K02000;ko:K10017;ko:K11963;ko:K10227;ko:K01995;ko:K02001;ko:K10543;ko:K17323;ko:K12368;ko:K17205;ko:K10544;ko:K17321;ko:K17322;ko:K10537;ko:K17325;ko:K09969;ko:K01999;ko:K17215;ko:K17324;ko:K17213;ko:K17214;ko:K10229;ko:K11962;ko:K01996;ko:K01998;ko:K11073;ko:K01997;ko:K02002,up,ko02010,ABC transporters,1_vs_0,Pseudomonas2
233,gs_ind_0,ko01230,28/96,0.0004410553045378292,0.028007609984553993,2.342755964856131,18.10092978512725,ko:K01696;ko:K01649;ko:K01704;ko:K01586;ko:K01626;ko:K00549;ko:K01653;ko:K00134;ko:K01754;ko:K01652;ko:K00013;ko:K01915;ko:K00948;ko:K01703;ko:K00821;ko:K01807;ko:K00031;ko:K00873;ko:K01695;ko:K00600;ko:K00265;ko:K00058;ko:K00641;ko:K03786;ko:K00891;ko:K01439;ko:K00548;ko:K02204,down,ko01230,Biosynthesis of amino acids,1_vs_0,Pseudomonas2
107,gs_ind_0,ko02024,13/38,0.002007755319686651,0.03441156287512447,3.140565317035905,19.505228159155717,ko:K02035;ko:K18100;ko:K02055;ko:K02054;ko:K01998;ko:K02052;ko:K01626;ko:K02053;ko:K01995;ko:K01897;ko:K01996;ko:K01997;ko:K01999,up,ko02024,Quorum sensing,1_vs_0,Pseudomonas2
93,gs_ind_0,ko01212,9/20,0.0010961107400515304,0.02205922864353705,4.877566209762451,33.245428147438915,ko:K06445;ko:K01782;ko:K01692;ko:K00248;ko:K00249;ko:K01897;ko:K00059;ko:K00632;ko:K00626,up,ko01212,Fatty acid metabolism,1_vs_0,Pseudomonas2
204,gs_ind_0,ko00670,9/17,0.00038178179777343817,0.028007609984553993,6.152309514409791,48.42274453959052,ko:K01251;ko:K00605;ko:K00602;ko:K01491;ko:K00548;ko:K00547;ko:K00600;ko:K00560;ko:K00297,down,ko00670,One carbon pool by folate,1_vs_0,Pseudomonas2
21,gs_ind_0,ko00310,7/11,0.00027377212922812764,0.007346218800954758,9.817966903073286,80.53888789761154,ko:K01782;ko:K00382;ko:K01692;ko:K00252;ko:K00128;ko:K01843;ko:K00626,up,ko00310,Lysine degradation,1_vs_0,Pseudomonas2
46,gs_ind_0,ko00562,7/10,0.00011389038129983136,0.00366727027785457,12.629179331306991,114.67641048792493,ko:K03338;ko:K03336;ko:K03337;ko:K03335;ko:K00140;ko:K00010;ko:K06606,up,ko00562,Inositol phosphate metabolism,1_vs_0,Pseudomonas2
19,gs_ind_0,ko00280,17/24,6.537172459708222e-10,1.0524847660130239e-07,14.12603406326034,298.7422588532526,ko:K01968;ko:K13766;ko:K00632;ko:K01782;ko:K00020;ko:K01692;ko:K00382;ko:K00140;ko:K00128;ko:K00248;ko:K01969;ko:K00249;ko:K00253;ko:K01028;ko:K00626;ko:K01029;ko:K01640,up,ko00280,"Valine, leucine and isoleucine degradation",1_vs_0,Pseudomonas2
32,gs_ind_0,ko00410,9/12,4.317387661987453e-06,0.000173774853394995,16.08824128795598,198.7357930242996,ko:K17722;ko:K01464;ko:K01782;ko:K01692;ko:K00140;ko:K00128;ko:K00248;ko:K06016;ko:K17723,up,ko00410,beta-Alanine metabolism,1_vs_0,Pseudomonas2
8,gs_ind_0,ko00071,12/14,6.050515872819625e-09,4.870665277619799e-07,29.906474820143885,565.923880592549,ko:K00121;ko:K06445;ko:K01782;ko:K01692;ko:K00128;ko:K00248;ko:K00252;ko:K00249;ko:K01897;ko:K00632;ko:K00626;ko:K00496,up,ko00071,Fatty acid degradation,1_vs_0,Pseudomonas2
239,gs_ind_0,ko01523,4/4,0.0005875722374381957,0.028007609984553993,49.07682119205298,365.1075688771193,ko:K00560;ko:K00602;ko:K00600;ko:K00548,down,ko01523,Antifolate resistance,1_vs_0,Pseudomonas2
73,gs_ind_0,ko00907,8/8,2.0603506524952966e-07,1.1057215168391425e-05,100.62162162162163,1549.0919475862654,ko:K13778;ko:K01782;ko:K13774;ko:K01692;ko:K11731;ko:K00632;ko:K01640;ko:K13779,up,ko00907,"Pinene, camphor and geraniol degradation",1_vs_0,Pseudomonas2
188,gs_ind_0,ko01200,24/85,0.00046909278341866073,0.009046789394502742,2.501690101908747,19.174729082549213,ko:K00627;ko:K01647;ko:K01902;ko:K00163;ko:K01690;ko:K00851;ko:K00134;ko:K00036;ko:K01754;ko:K03781;ko:K00248;ko:K00164;ko:K03417;ko:K01959;ko:K01659;ko:K00031;ko:K00116;ko:K00873;ko:K01960;ko:K01625;ko:K01676;ko:K00382;ko:K01057;ko:K00658,down,ko01200,Carbon metabolism,2_vs_0,Pseudomonas2
79,gs_ind_0,ko02020,28/118,3.214910153318359e-05,0.0013395458972159829,2.763977900552486,28.593699791027525,ko:K03406;ko:K02282;ko:K07346;ko:K00405;ko:K02651;ko:K12511;ko:K00426;ko:K07662;ko:K00412;ko:K00406;ko:K00407;ko:K01425;ko:K02405;ko:K07679;ko:K10942;ko:K01915;ko:K00404;ko:K00626;ko:K00425;ko:K07347;ko:K02280;ko:K10943;ko:K02283;ko:K20977;ko:K02259;ko:K13489;ko:K20978;ko:K00413,up,ko02020,Two-component system,2_vs_0,Pseudomonas2
191,gs_ind_0,ko01230,30/96,1.0343280740400925e-05,0.0003490857249885312,2.92739328636552,33.60405529905339,ko:K01696;ko:K01649;ko:K01704;ko:K01586;ko:K01755;ko:K01647;ko:K01626;ko:K00928;ko:K01653;ko:K00134;ko:K01754;ko:K01652;ko:K00013;ko:K01915;ko:K00052;ko:K01438;ko:K01609;ko:K01703;ko:K01959;ko:K00821;ko:K01659;ko:K00031;ko:K00873;ko:K01695;ko:K01960;ko:K00266;ko:K00265;ko:K01620;ko:K00053;ko:K01940,down,ko01230,Biosynthesis of amino acids,2_vs_0,Pseudomonas2
10,gs_ind_0,ko00190,14/47,0.0002822588858500779,0.007056472146251947,3.6855582920388117,30.120910188322878,ko:K00405;ko:K02259;ko:K02257;ko:K00426;ko:K02275;ko:K00412;ko:K00404;ko:K02258;ko:K00406;ko:K00407;ko:K03885;ko:K02276;ko:K00413;ko:K00425,up,ko00190,Oxidative phosphorylation,2_vs_0,Pseudomonas2
163,gs_ind_0,ko00620,12/32,0.0008766280529020882,0.013227363677826644,3.766675148122569,26.515237632800908,ko:K01959;ko:K01649;ko:K00627;ko:K18930;ko:K01676;ko:K00382;ko:K13979;ko:K00116;ko:K00873;ko:K00163;ko:K01960;ko:K00101,down,ko00620,Pyruvate metabolism,2_vs_0,Pseudomonas2
17,gs_ind_0,ko00280,10/24,9.522517445577824e-05,0.00297578670174307,6.123287671232877,56.69715065017777,ko:K09699;ko:K13766;ko:K01782;ko:K00020;ko:K00382;ko:K00167;ko:K00140;ko:K00249;ko:K00166;ko:K00626,up,ko00280,"Valine, leucine and isoleucine degradation",2_vs_0,Pseudomonas2
8,gs_ind_0,ko00071,6/14,0.002195216117430616,0.03430025183485337,6.384336393516945,39.0815542093244,ko:K06445;ko:K01782;ko:K00249;ko:K01897;ko:K00626;ko:K00496,up,ko00071,Fatty acid degradation,2_vs_0,Pseudomonas2
35,gs_ind_0,ko00543,6/14,0.002195216117430616,0.03430025183485337,6.384336393516945,39.0815542093244,ko:K00640;ko:K20999;ko:K11936;ko:K21002;ko:K03818;ko:K21001,up,ko00543,Exopolysaccharide biosynthesis,2_vs_0,Pseudomonas2
219,gs_ind_0,ko04112,7/13,0.0008818242451884429,0.013227363677826644,7.070484581497797,49.73037909006258,ko:K03590;ko:K03531;ko:K03589;ko:K02563;ko:K13590;ko:K03588;ko:K01338,down,ko04112,Cell cycle - Caulobacter,2_vs_0,Pseudomonas2
158,gs_ind_0,ko00550,12/22,9.681495897396637e-06,0.0003490857249885312,7.389468455042225,85.3135868056039,ko:K05837;ko:K07258;ko:K01921;ko:K01000;ko:K02563;ko:K01925;ko:K01928;ko:K03587;ko:K05515;ko:K03588;ko:K01924;ko:K06153,down,ko00550,Peptidoglycan biosynthesis,2_vs_0,Pseudomonas2
3,gs_ind_0,ko00040,6/12,0.0008159211919889714,0.016998358166436904,8.35645472061657,59.4243605266955,ko:K14274;ko:K00008;ko:K01805;ko:K22185;ko:K13877;ko:K00854,up,ko00040,Pentose and glucuronate interconversions,2_vs_0,Pseudomonas2
189,gs_ind_0,ko01210,18/31,1.3340343224163176e-08,1.8009463352620286e-06,8.648513460349575,156.818937396659,ko:K01649;ko:K00627;ko:K00821;ko:K01704;ko:K00382;ko:K01659;ko:K01652;ko:K01647;ko:K01438;ko:K00031;ko:K00053;ko:K00163;ko:K00658;ko:K00052;ko:K00928;ko:K01653;ko:K00164;ko:K01703,down,ko01210,2-Oxocarboxylic acid metabolism,2_vs_0,Pseudomonas2
132,gs_ind_0,ko00195,5/8,0.0021945057146535094,0.029625827147822376,9.586861313868614,58.68883268136493,ko:K02115;ko:K02114;ko:K02113;ko:K02111;ko:K02112,down,ko00195,Photosynthesis,2_vs_0,Pseudomonas2
84,gs_ind_0,ko02040,22/42,1.8867499458241224e-11,2.358437432280153e-09,9.71127360144238,239.8061142930717,ko:K02419;ko:K02400;ko:K02387;ko:K02395;ko:K02421;ko:K02411;ko:K02405;ko:K02392;ko:K02415;ko:K02412;ko:K02417;ko:K02408;ko:K02401;ko:K02409;ko:K02420;ko:K02416;ko:K10943;ko:K02410;ko:K02393;ko:K02394;ko:K02413;ko:K02391,up,ko02040,Flagellar assembly,2_vs_0,Pseudomonas2
126,gs_ind_0,ko00020,13/20,2.3973804793917966e-07,1.6182318235894625e-05,11.222421524663677,171.07143995901313,ko:K01959;ko:K00627;ko:K01676;ko:K00382;ko:K01659;ko:K01902;ko:K01647;ko:K00031;ko:K00116;ko:K00163;ko:K01960;ko:K00658;ko:K00164,down,ko00020,Citrate cycle (TCA cycle),2_vs_0,Pseudomonas2
141,gs_ind_0,ko00290,8/12,4.569549178926882e-05,0.0011071402495049813,11.619865815742104,116.12325583567319,ko:K01649;ko:K01704;ko:K01754;ko:K01652;ko:K00053;ko:K00052;ko:K01653;ko:K01703,down,ko00290,"Valine, leucine and isoleucine biosynthesis",2_vs_0,Pseudomonas2
167,gs_ind_0,ko00660,6/7,4.92062333113325e-05,0.0011071402495049813,26.539287457296243,263.2562031526007,ko:K01704;ko:K01652;ko:K01902;ko:K00052;ko:K01653;ko:K01703,down,ko00660,C5-Branched dibasic acid metabolism,2_vs_0,Pseudomonas2
101,gs_ind_0,ko04714,6/7,9.94643652394657e-06,0.0006216522827466606,36.29479768786127,418.0542306231321,ko:K02259;ko:K02257;ko:K00412;ko:K02258;ko:K01897;ko:K00413,up,ko04714,Thermogenesis,2_vs_0,Pseudomonas2
237,gs_ind_0,ko01200,32/85,0.0001923851646078794,0.007810837683079904,2.4138696720583446,20.653095779856677,ko:K00627;ko:K15634;ko:K01647;ko:K01902;ko:K00163;ko:K01810;ko:K00121;ko:K01690;ko:K00851;ko:K00134;ko:K00036;ko:K01754;ko:K00615;ko:K03781;ko:K00164;ko:K03417;ko:K01624;ko:K01959;ko:K01659;ko:K15633;ko:K00116;ko:K00873;ko:K01960;ko:K00058;ko:K01625;ko:K01676;ko:K00382;ko:K01070;ko:K01638;ko:K01057;ko:K00658;ko:K00297,down,ko01200,Carbon metabolism,3_vs_0,Pseudomonas2
241,gs_ind_0,ko01230,39/96,4.509460431142771e-06,0.0003999267716328588,2.7647607064634885,34.03236033923119,ko:K01649;ko:K15634;ko:K01704;ko:K01586;ko:K01755;ko:K01647;ko:K01626;ko:K00928;ko:K00766;ko:K01653;ko:K01657;ko:K00134;ko:K01754;ko:K00615;ko:K01652;ko:K01687;ko:K01915;ko:K00052;ko:K01438;ko:K01609;ko:K01703;ko:K01624;ko:K14170;ko:K01959;ko:K00821;ko:K00674;ko:K01659;ko:K15633;ko:K00826;ko:K00873;ko:K01960;ko:K00266;ko:K00265;ko:K00058;ko:K00641;ko:K01620;ko:K00053;ko:K00548;ko:K01940,down,ko01230,Biosynthesis of amino acids,3_vs_0,Pseudomonas2
194,gs_ind_0,ko00620,15/32,0.0007573234487856264,0.014720761796760221,3.4625018202999853,24.88056899101283,ko:K00121;ko:K01959;ko:K01649;ko:K00627;ko:K18930;ko:K01676;ko:K00382;ko:K13979;ko:K00116;ko:K00873;ko:K01638;ko:K00163;ko:K01960;ko:K00101;ko:K01069,down,ko00620,Pyruvate metabolism,3_vs_0,Pseudomonas2
188,gs_ind_0,ko00550,11/22,0.0020371861650362237,0.027569919433490225,3.889787664307381,24.101846912222886,ko:K07258;ko:K01921;ko:K01000;ko:K02563;ko:K01925;ko:K01928;ko:K03587;ko:K01929;ko:K03588;ko:K01924;ko:K06153,down,ko00550,Peptidoglycan biosynthesis,3_vs_0,Pseudomonas2
147,gs_ind_0,ko00010,13/26,0.0007976767476076968,0.014720761796760221,3.901522842639594,27.83271143665604,ko:K00121;ko:K00627;ko:K00134;ko:K15634;ko:K00382;ko:K13979;ko:K15633;ko:K01792;ko:K00873;ko:K00163;ko:K01810;ko:K15778;ko:K01624,down,ko00010,Glycolysis / Gluconeogenesis,3_vs_0,Pseudomonas2
8,gs_ind_0,ko00071,8/14,0.0015116862216208655,0.04444357491565344,5.734397677793904,37.24221515924195,ko:K06445;ko:K01782;ko:K00252;ko:K00249;ko:K01897;ko:K00626;ko:K00632;ko:K13954,up,ko00071,Fatty acid degradation,3_vs_0,Pseudomonas2
148,gs_ind_0,ko00020,12/20,0.00013470973164396053,0.006836518880930997,5.740806961082305,51.16430039270507,ko:K01959;ko:K00627;ko:K01676;ko:K00382;ko:K01659;ko:K01902;ko:K01647;ko:K00116;ko:K00163;ko:K01960;ko:K00658;ko:K00164,down,ko00020,Citrate cycle (TCA cycle),3_vs_0,Pseudomonas2
103,gs_ind_0,ko02040,24/42,2.621394566896578e-08,3.85345001333797e-06,5.984604858022579,104.47309314438776,ko:K02419;ko:K02400;ko:K02387;ko:K02395;ko:K02421;ko:K02411;ko:K02405;ko:K02392;ko:K02415;ko:K02412;ko:K02417;ko:K02408;ko:K02401;ko:K02409;ko:K02420;ko:K02416;ko:K10943;ko:K02410;ko:K02414;ko:K02393;ko:K02418;ko:K02394;ko:K02413;ko:K02391,up,ko02040,Flagellar assembly,3_vs_0,Pseudomonas2
276,gs_ind_0,ko04112,8/13,0.001534352246543003,0.025956125504019135,5.9938784833257195,38.83821659036128,ko:K03590;ko:K03531;ko:K02313;ko:K03589;ko:K02563;ko:K13590;ko:K03588;ko:K01338,down,ko04112,Cell cycle - Caulobacter,3_vs_0,Pseudomonas2
18,gs_ind_0,ko00280,14/24,1.743137901830931e-05,0.0012812063578457344,6.124966522041888,67.1127195013053,ko:K09699;ko:K01968;ko:K13766;ko:K01782;ko:K01907;ko:K00020;ko:K00382;ko:K00167;ko:K00140;ko:K01969;ko:K00249;ko:K00166;ko:K00632;ko:K00626,up,ko00280,"Valine, leucine and isoleucine degradation",3_vs_0,Pseudomonas2
32,gs_ind_0,ko00470,10/17,0.0002723269148792745,0.013344018829084451,6.163433667781494,50.59259038093754,ko:K21060;ko:K19746;ko:K21062;ko:K01778;ko:K12658;ko:K01779;ko:K01753;ko:K01425;ko:K13877;ko:K01775,up,ko00470,D-Amino acid metabolism,3_vs_0,Pseudomonas2
238,gs_ind_0,ko01210,19/31,8.613635424366416e-07,0.00017485679911463824,6.16464542651593,86.0877272194165,ko:K01649;ko:K00627;ko:K01704;ko:K01647;ko:K00163;ko:K00928;ko:K01653;ko:K01652;ko:K01687;ko:K00052;ko:K01438;ko:K00164;ko:K01703;ko:K00821;ko:K01659;ko:K00826;ko:K00382;ko:K00053;ko:K00658,down,ko01210,2-Oxocarboxylic acid metabolism,3_vs_0,Pseudomonas2
44,gs_ind_0,ko00562,7/10,0.000560413466564595,0.020595194896248864,9.390128144280968,70.30234674511182,ko:K03338;ko:K03336;ko:K03337;ko:K03335;ko:K00140;ko:K00010;ko:K06606,up,ko00562,Inositol phosphate metabolism,3_vs_0,Pseudomonas2
165,gs_ind_0,ko00290,10/12,5.910247856643233e-06,0.0003999267716328588,16.38042381432896,197.2010195079041,ko:K01649;ko:K01704;ko:K01754;ko:K01652;ko:K01687;ko:K00826;ko:K00053;ko:K00052;ko:K01653;ko:K01703,down,ko00290,"Valine, leucine and isoleucine biosynthesis",3_vs_0,Pseudomonas2
202,gs_ind_0,ko00660,6/7,0.0004439516595351278,0.01001357632062566,16.773773773773772,129.49009283633995,ko:K01704;ko:K01652;ko:K01902;ko:K00052;ko:K01653;ko:K01703,down,ko00660,C5-Branched dibasic acid metabolism,3_vs_0,Pseudomonas2
285,gs_ind_0,ko04212,6/7,0.0004439516595351278,0.01001357632062566,16.773773773773772,129.49009283633995,ko:K04077;ko:K00799;ko:K03781;ko:K04043;ko:K00507;ko:K04564,down,ko04212,Longevity regulating pathway - worm,3_vs_0,Pseudomonas2
324,gs_ind_0,ko05152,4/4,0.0018206032011986615,0.026398746417380593,34.71684945164507,219.01427914242072,ko:K04077;ko:K08738;ko:K04043;ko:K02040,down,ko05152,Tuberculosis,3_vs_0,Pseudomonas2
348,gs_ind_0,ko05417,4/4,0.0018206032011986615,0.026398746417380593,34.71684945164507,219.01427914242072,ko:K04079;ko:K04077;ko:K08738;ko:K04564,down,ko05417,Lipid and atherosclerosis,3_vs_0,Pseudomonas2
293,gs_ind_0,ko04626,5/5,0.000374588174045392,0.01001357632062566,42.51648351648352,335.44159159059654,ko:K00864;ko:K02406;ko:K04079;ko:K12340;ko:K02358,down,ko04626,Plant-pathogen interaction,3_vs_0,Pseudomonas2
320,gs_ind_0,ko05132,5/5,0.000374588174045392,0.01001357632062566,42.51648351648352,335.44159159059654,ko:K00134;ko:K02406;ko:K03671;ko:K04079;ko:K08738,down,ko05132,Salmonella infection,3_vs_0,Pseudomonas2
137,gs_ind_0,ko01110,39/242,0.00015797098890051056,0.00584492658931889,2.2371779571779573,19.582240489579764,ko:K00850;ko:K04517;ko:K01586;ko:K01755;ko:K01814;ko:K04516;ko:K02501;ko:K00134;ko:K00640;ko:K01754;ko:K00615;ko:K01682;ko:K00133;ko:K00013;ko:K00147;ko:K01194;ko:K01915;ko:K11755;ko:K01438;ko:K00819;ko:K00931;ko:K00821;ko:K13774;ko:K01785;ko:K00145;ko:K01681;ko:K00116;ko:K12524;ko:K02500;ko:K00957;ko:K03405;ko:K00930;ko:K01923;ko:K01661;ko:K00548;ko:K00111;ko:K01911;ko:K01817;ko:K01940,down,ko01110,Biosynthesis of secondary metabolites,2_vs_0,Flavobacterium
142,gs_ind_0,ko01230,28/88,7.292125675932755e-10,8.094259500285359e-08,5.507026890967823,115.86264626321478,ko:K00850;ko:K04517;ko:K01586;ko:K01755;ko:K01814;ko:K04516;ko:K02501;ko:K00134;ko:K00640;ko:K01754;ko:K00615;ko:K01682;ko:K00133;ko:K00013;ko:K00147;ko:K01915;ko:K11755;ko:K01438;ko:K00931;ko:K00821;ko:K00145;ko:K01681;ko:K12524;ko:K02500;ko:K00930;ko:K00548;ko:K01817;ko:K01940,down,ko01230,Biosynthesis of amino acids,2_vs_0,Flavobacterium
4,gs_ind_0,ko00051,7/18,0.0004399597295507774,0.02045812742411115,7.209648600357355,55.72212935113691,ko:K01218;ko:K01711;ko:K02377;ko:K01805;ko:K00971;ko:K19355;ko:K01624,up,ko00051,Fructose and mannose metabolism,2_vs_0,Flavobacterium
112,gs_ind_0,ko00340,5/10,0.0011766538215917542,0.026121714839336944,9.930041152263374,66.97892806499462,ko:K02501;ko:K00013;ko:K01814;ko:K11755;ko:K02500,down,ko00340,Histidine metabolism,2_vs_0,Flavobacterium
3,gs_ind_0,ko00040,8/15,9.759055926760208e-06,0.0009075922011886992,12.686021505376344,146.36262482194792,ko:K01812;ko:K01051;ko:K01195;ko:K01805;ko:K01728;ko:K01686;ko:K01804;ko:K00854,up,ko00040,Pentose and glucuronate interconversions,2_vs_0,Flavobacterium
101,gs_ind_0,ko00220,8/13,4.3227018697119626e-06,0.00023990995376901392,15.734944380514001,194.3522097748134,ko:K00821;ko:K00930;ko:K00145;ko:K01755;ko:K01915;ko:K00261;ko:K01438;ko:K01940,down,ko00220,Arginine biosynthesis,2_vs_0,Flavobacterium
194,gs_ind_0,ko05132,3/4,0.0030494494783928653,0.04835555601451544,22.870445344129553,132.48378322190436,ko:K04079;ko:K03671;ko:K00134,down,ko05132,Salmonella infection,2_vs_0,Flavobacterium
203,gs_ind_0,ko05418,3/4,0.0030494494783928653,0.04835555601451544,22.870445344129553,132.48378322190436,ko:K04079;ko:K01940;ko:K03671,down,ko05418,Fluid shear stress and atherosclerosis,2_vs_0,Flavobacterium
170,gs_ind_0,ko04217,3/3,0.0008189985110078685,0.02272720868046835,68.66801619433198,488.0530010670622,ko:K04079;ko:K01915;ko:K00261,down,ko04217,Necroptosis,2_vs_0,Flavobacterium
77,gs_ind_0,ko01100,115/683,0.0008259340446785227,0.011645670029967168,1.5009513626617461,10.655247174417964,ko:K00040;ko:K01714;ko:K00101;ko:K13481;ko:K03782;ko:K00681;ko:K00239;ko:K01194;ko:K00335;ko:K02822;ko:K01952;ko:K01785;ko:K01470;ko:K01805;ko:K00849;ko:K09758;ko:K02821;ko:K01686;ko:K00700;ko:K03150;ko:K00705;ko:K01903;ko:K01193;ko:K01485;ko:K01941;ko:K00690;ko:K01176;ko:K12373;ko:K09018;ko:K01468;ko:K01895;ko:K16840;ko:K01649;ko:K02796;ko:K00336;ko:K01813;ko:K01061;ko:K01647;ko:K00242;ko:K03147;ko:K01190;ko:K09471;ko:K00854;ko:K00656;ko:K00031;ko:K01784;ko:K01130;ko:K00005;ko:K01745;ko:K06447;ko:K01782;ko:K01487;ko:K01042;ko:K00059;ko:K00632;ko:K00135;ko:K00688;ko:K03809;ko:K01902;ko:K00240;ko:K01706;ko:K02783;ko:K00362;ko:K09024;ko:K00851;ko:K00864;ko:K03735;ko:K00615;ko:K09020;ko:K01610;ko:K01685;ko:K00839;ko:K00164;ko:K00138;ko:K05349;ko:K00847;ko:K00975;ko:K07248;ko:K00697;ko:K01629;ko:K01484;ko:K00873;ko:K09019;ko:K00616;ko:K00024;ko:K18333;ko:K00965;ko:K00658;ko:K01897;ko:K01804;ko:K13482;ko:K02083;ko:K00703;ko:K07046;ko:K00134;ko:K01812;ko:K00372;ko:K03781;ko:K07407;ko:K16839;ko:K06445;ko:K00337;ko:K03777;ko:K00853;ko:K01681;ko:K01708;ko:K06151;ko:K03736;ko:K03149;ko:K00799;ko:K16841;ko:K11177;ko:K04072;ko:K00244;ko:K01712,up,ko01100,Metabolic pathways,1_vs_0,Rahnella
80,gs_ind_0,ko01200,21/83,0.0018404445012534254,0.02359115224333936,2.3410077279752706,14.743077110859033,ko:K01647;ko:K01902;ko:K00240;ko:K00242;ko:K00851;ko:K00134;ko:K00615;ko:K03781;ko:K00239;ko:K01610;ko:K00164;ko:K00031;ko:K01681;ko:K00873;ko:K00616;ko:K01903;ko:K01782;ko:K00024;ko:K00658;ko:K01895;ko:K00244,up,ko01200,Carbon metabolism,1_vs_0,Rahnella
79,gs_ind_0,ko01120,48/188,1.57991479480338e-06,0.0001113839930336383,2.4722533951858274,33.02470607766209,ko:K13482;ko:K01813;ko:K01061;ko:K02083;ko:K01647;ko:K01902;ko:K00240;ko:K00242;ko:K01085;ko:K01714;ko:K00362;ko:K13481;ko:K00656;ko:K07046;ko:K00851;ko:K00134;ko:K00615;ko:K00372;ko:K01621;ko:K00239;ko:K01610;ko:K16839;ko:K00164;ko:K00138;ko:K02822;ko:K07248;ko:K03777;ko:K01785;ko:K01629;ko:K00031;ko:K01681;ko:K00873;ko:K02821;ko:K06151;ko:K00616;ko:K01903;ko:K01782;ko:K00024;ko:K11177;ko:K16841;ko:K18333;ko:K00658;ko:K04072;ko:K01895;ko:K00244;ko:K16840;ko:K00632;ko:K00135,up,ko01120,Microbial metabolism in diverse environments,1_vs_0,Rahnella
92,gs_ind_0,ko02010,34/118,3.5197498757387446e-06,0.00012407118311979075,2.8658777120315584,35.9871721376785,ko:K09970;ko:K10017;ko:K15577;ko:K11963;ko:K01995;ko:K10543;ko:K15580;ko:K10110;ko:K11960;ko:K10560;ko:K10537;ko:K02040;ko:K01999;ko:K12541;ko:K02010;ko:K10002;ko:K10111;ko:K13890;ko:K10541;ko:K10555;ko:K05845;ko:K11962;ko:K10001;ko:K10558;ko:K01998;ko:K06726;ko:K15578;ko:K15772;ko:K13889;ko:K11073;ko:K11959;ko:K13891;ko:K02012;ko:K01997,up,ko02010,ABC transporters,1_vs_0,Rahnella
94,gs_ind_0,ko02024,19/56,4.837809638802473e-05,0.0013642623181422972,3.5569278033794163,35.34328293700399,ko:K02035;ko:K02055;ko:K02033;ko:K01995;ko:K14051;ko:K15580;ko:K01999;ko:K02054;ko:K02032;ko:K02031;ko:K02034;ko:K10555;ko:K07781;ko:K10558;ko:K01998;ko:K07782;ko:K01897;ko:K11530;ko:K01997,up,ko02024,Quorum sensing,1_vs_0,Rahnella
58,gs_ind_0,ko00720,10/28,0.002033072866529311,0.023888606181719403,3.810083626227124,23.61568663348636,ko:K00024;ko:K00031;ko:K01902;ko:K00240;ko:K00242;ko:K00239;ko:K01681;ko:K01895;ko:K00244;ko:K01903,up,ko00720,Other carbon fixation pathways,1_vs_0,Rahnella
3,gs_ind_0,ko00040,9/25,0.003196676161508448,0.0321950956266208,3.8569751162895725,22.16080481085539,ko:K01812;ko:K00040;ko:K01629;ko:K01804;ko:K01805;ko:K00853;ko:K01686;ko:K01685;ko:K00854,up,ko00040,Pentose and glucuronate interconversions,1_vs_0,Rahnella
4,gs_ind_0,ko00051,8/20,0.0025218394201484747,0.027352258326225766,4.549836552748886,27.22061068691679,ko:K07046;ko:K00847;ko:K02796;ko:K01813;ko:K01629;ko:K01805;ko:K18333;ko:K02783,up,ko00051,Fructose and mannose metabolism,1_vs_0,Rahnella
54,gs_ind_0,ko00650,9/21,0.0007470707543209324,0.011645670029967168,5.10026825633383,36.71861963410127,ko:K00656;ko:K01782;ko:K00240;ko:K00242;ko:K00239;ko:K04072;ko:K00244;ko:K00135;ko:K18009,up,ko00650,Butanoate metabolism,1_vs_0,Rahnella
5,gs_ind_0,ko00052,9/20,0.00048215637328225886,0.009712006947542642,5.546232100045358,42.357917127953705,ko:K01193;ko:K01785;ko:K01784;ko:K00849;ko:K07407;ko:K00965;ko:K01190;ko:K01804;ko:K12308,up,ko00052,Galactose metabolism,1_vs_0,Rahnella
1,gs_ind_0,ko00020,13/25,3.459103068501684e-06,0.00012407118311979075,7.335203619909502,92.23652695007256,ko:K00024;ko:K01902;ko:K01647;ko:K00240;ko:K00242;ko:K00239;ko:K00031;ko:K01681;ko:K01610;ko:K00658;ko:K00244;ko:K00164;ko:K01903,up,ko00020,Citrate cycle (TCA cycle),1_vs_0,Rahnella
214,gs_ind_0,ko03010,25/53,1.4324891668594277e-11,1.4181642751908334e-09,7.983137455288707,199.3311380691821,ko:K02931;ko:K02926;ko:K02990;ko:K02888;ko:K02867;ko:K02876;ko:K02886;ko:K02982;ko:K02881;ko:K02890;ko:K02899;ko:K02961;ko:K02967;ko:K02879;ko:K02884;ko:K02892;ko:K02871;ko:K02864;ko:K02994;ko:K02950;ko:K02963;ko:K02952;ko:K02986;ko:K02874;ko:K02945,down,ko03010,Ribosome,1_vs_0,Rahnella
35,gs_ind_0,ko00500,14/25,4.270666634959243e-07,6.0216399552925326e-05,8.59336972965862,126.03315944720707,ko:K00847;ko:K00697;ko:K00975;ko:K01193;ko:K00688;ko:K02761;ko:K00690;ko:K01194;ko:K01176;ko:K00703;ko:K00700;ko:K05349;ko:K00705;ko:K02760,up,ko00500,Starch and sucrose metabolism,1_vs_0,Rahnella
8,gs_ind_0,ko00071,6/10,0.0006664959209232878,0.011645670029967168,9.64172000656491,70.51449305888862,ko:K06445;ko:K01782;ko:K04072;ko:K01897;ko:K05939;ko:K00632,up,ko00071,Fatty acid degradation,1_vs_0,Rahnella
29,gs_ind_0,ko00380,4/6,0.003593576887806669,0.03377962274538269,11.955066079295154,67.29037130841584,ko:K03781;ko:K00658;ko:K01782;ko:K03782,up,ko00380,Tryptophan metabolism,1_vs_0,Rahnella
44,gs_ind_0,ko00600,4/4,0.00029858562652142656,0.007016762223253524,59.82819383259912,485.5927717929004,ko:K01130;ko:K01190;ko:K12373;ko:K07407,up,ko00600,Sphingolipid metabolism,1_vs_0,Rahnella
63,gs_ind_0,ko01120,32/188,0.0014721981801355897,0.03743686178756216,1.9726182143277913,12.863440682008351,ko:K01813;ko:K01085;ko:K03737;ko:K00656;ko:K00851;ko:K00134;ko:K00615;ko:K01621;ko:K01610;ko:K00138;ko:K00164;ko:K00370;ko:K01607;ko:K02822;ko:K07248;ko:K01007;ko:K03777;ko:K01629;ko:K00824;ko:K01681;ko:K06151;ko:K00616;ko:K01782;ko:K00024;ko:K01676;ko:K11177;ko:K18333;ko:K04072;ko:K01895;ko:K00244;ko:K00632;ko:K00135,up,ko01120,Microbial metabolism in diverse environments,2_vs_0,Rahnella
191,gs_ind_0,ko01230,24/91,1.907815167506137e-05,0.0004605611592524848,3.1575679725968744,34.31318622910936,ko:K12339;ko:K00215;ko:K00549;ko:K00789;ko:K00832;ko:K00765;ko:K00615;ko:K14260;ko:K01953;ko:K01652;ko:K00133;ko:K00831;ko:K01915;ko:K00052;ko:K01689;ko:K11258;ko:K01079;ko:K01739;ko:K00817;ko:K00265;ko:K00651;ko:K00053;ko:K00548;ko:K01940,down,ko01230,Biosynthesis of amino acids,2_vs_0,Rahnella
38,gs_ind_0,ko00620,13/43,0.00018215895344213836,0.006982759881948638,4.107789349190184,35.370657824802684,ko:K00656;ko:K07248;ko:K00024;ko:K01007;ko:K03777;ko:K01676;ko:K04072;ko:K01610;ko:K00101;ko:K03737;ko:K00244;ko:K01895;ko:K00138,up,ko00620,Pyruvate metabolism,2_vs_0,Rahnella
188,gs_ind_0,ko01210,10/30,0.000803300205167514,0.015951246931183494,4.315735497391537,30.757306315833798,ko:K00627;ko:K00382;ko:K14260;ko:K01652;ko:K00133;ko:K00053;ko:K05825;ko:K00163;ko:K00052;ko:K11258,down,ko01210,2-Oxocarboxylic acid metabolism,2_vs_0,Rahnella
130,gs_ind_0,ko00270,14/38,1.9880337809459777e-05,0.0004605611592524848,5.0520237779713,54.69209476428587,ko:K09880;ko:K01739;ko:K00899;ko:K01761;ko:K00133;ko:K00831;ko:K00548;ko:K12339;ko:K00549;ko:K00789;ko:K00651;ko:K08963;ko:K08967;ko:K00832,down,ko00270,Cysteine and methionine metabolism,2_vs_0,Rahnella
206,gs_ind_0,ko03010,20/53,1.9517744469804416e-07,6.782416203257034e-06,5.321674360644595,82.21644554179825,ko:K02931;ko:K02926;ko:K02867;ko:K02886;ko:K02982;ko:K02881;ko:K02890;ko:K02961;ko:K02967;ko:K02863;ko:K02879;ko:K02884;ko:K02892;ko:K02864;ko:K02994;ko:K02935;ko:K02963;ko:K02952;ko:K02904;ko:K02986,down,ko03010,Ribosome,2_vs_0,Rahnella
3,gs_ind_0,ko00040,12/25,1.3090377686131107e-06,7.526967169525386e-05,8.621645597693503,116.79069266828085,ko:K01815;ko:K08323;ko:K01812;ko:K00040;ko:K00065;ko:K01629;ko:K01805;ko:K01804;ko:K01730;ko:K01686;ko:K01685;ko:K00854,up,ko00040,Pentose and glucuronate interconversions,2_vs_0,Rahnella
205,gs_ind_0,ko02040,22/44,6.456246458852458e-11,8.974182577804916e-09,8.804971319311663,206.59445766775735,ko:K02406;ko:K02557;ko:K02400;ko:K02407;ko:K02395;ko:K02390;ko:K02392;ko:K02415;ko:K02412;ko:K02417;ko:K02408;ko:K02401;ko:K02409;ko:K02420;ko:K02556;ko:K02396;ko:K02410;ko:K02397;ko:K02414;ko:K02418;ko:K02389;ko:K02391,down,ko02040,Flagellar assembly,2_vs_0,Rahnella
8,gs_ind_0,ko00071,5/10,0.0016276896429374852,0.03743686178756216,9.089320388349515,58.35883291905898,ko:K06445;ko:K01782;ko:K04072;ko:K01897;ko:K00632,up,ko00071,Fatty acid degradation,2_vs_0,Rahnella
150,gs_ind_0,ko00550,13/23,9.383214672528239e-08,4.347556131604751e-06,11.00105624504885,178.0164334664026,ko:K07258;ko:K19302;ko:K01921;ko:K01000;ko:K02563;ko:K01925;ko:K01928;ko:K03587;ko:K05515;ko:K01929;ko:K03588;ko:K01924;ko:K00790,down,ko00550,Peptidoglycan biosynthesis,2_vs_0,Rahnella
26,gs_ind_0,ko00500,14/25,1.2431917451980233e-08,1.4296705069777267e-06,11.845070422535212,215.615801305077,ko:K00697;ko:K00975;ko:K00688;ko:K01087;ko:K02761;ko:K00690;ko:K01194;ko:K01176;ko:K06044;ko:K00703;ko:K00700;ko:K05349;ko:K00705;ko:K02760,up,ko00500,Starch and sucrose metabolism,2_vs_0,Rahnella
204,gs_ind_0,ko02030,12/17,8.084266414307685e-09,5.618565157943841e-07,19.416541101623974,361.79513006572347,ko:K03406;ko:K02417;ko:K03413;ko:K03415;ko:K03412;ko:K02557;ko:K02556;ko:K05876;ko:K02410;ko:K03408;ko:K03407;ko:K03414,down,ko02030,Bacterial chemotaxis,2_vs_0,Rahnella
259,gs_ind_0,ko01100,239/683,0.0037843469416156796,0.041838057854528904,1.2953297946510003,7.223901345285838,ko:K01962;ko:K01011;ko:K00850;ko:K00381;ko:K01256;ko:K01524;ko:K01921;ko:K01255;ko:K01000;ko:K00899;ko:K11753;ko:K02108;ko:K01491;ko:K00215;ko:K00997;ko:K00163;ko:K00789;ko:K01714;ko:K00940;ko:K01916;ko:K02112;ko:K00121;ko:K02078;ko:K00655;ko:K00765;ko:K09913;ko:K00919;ko:K00036;ko:K01495;ko:K02297;ko:K00133;ko:K00239;ko:K00791;ko:K02851;ko:K02114;ko:K01682;ko:K09903;ko:K02535;ko:K02564;ko:K01835;ko:K00800;ko:K01924;ko:K02111;ko:K14170;ko:K00872;ko:K01051;ko:K01710;ko:K07307;ko:K08968;ko:K12251;ko:K00826;ko:K00657;ko:K01919;ko:K03182;ko:K00956;ko:K00525;ko:K00241;ko:K01903;ko:K00860;ko:K00077;ko:K00382;ko:K00760;ko:K01790;ko:K02372;ko:K08310;ko:K02113;ko:K00973;ko:K01956;ko:K01925;ko:K01821;ko:K00845;ko:K01515;ko:K01649;ko:K13498;ko:K01647;ko:K00390;ko:K01443;ko:K12339;ko:K01653;ko:K01599;ko:K00088;ko:K07258;ko:K14260;ko:K06287;ko:K00013;ko:K00948;ko:K00067;ko:K01689;ko:K01939;ko:K01803;ko:K13378;ko:K01703;ko:K01624;ko:K00209;ko:K00939;ko:K01834;ko:K01735;ko:K03784;ko:K00979;ko:K03621;ko:K00031;ko:K00116;ko:K01778;ko:K01734;ko:K00600;ko:K01738;ko:K00793;ko:K02560;ko:K02300;ko:K00758;ko:K00891;ko:K05851;ko:K01961;ko:K03526;ko:K00053;ko:K00820;ko:K01951;ko:K03474;ko:K03273;ko:K00059;ko:K01874;ko:K06966;ko:K02472;ko:K01613;ko:K01489;ko:K01082;ko:K01928;ko:K01937;ko:K01619;ko:K00769;ko:K01918;ko:K01270;ko:K00790;ko:K02299;ko:K00832;ko:K01963;ko:K08312;ko:K03644;ko:K03524;ko:K01754;ko:K00615;ko:K04042;ko:K00831;ko:K05825;ko:K00324;ko:K05365;ko:K05349;ko:K00425;ko:K02160;ko:K01007;ko:K00674;ko:K00748;ko:K00873;ko:K05515;ko:K02536;ko:K00265;ko:K00058;ko:K00616;ko:K13038;ko:K00981;ko:K00762;ko:K00759;ko:K01737;ko:K00014;ko:K00548;ko:K01497;ko:K01092;ko:K02110;ko:K01696;ko:K00627;ko:K00677;ko:K02257;ko:K00568;ko:K00278;ko:K01626;ko:K01585;ko:K00549;ko:K01810;ko:K02805;ko:K00254;ko:K13788;ko:K00134;ko:K00942;ko:K09880;ko:K00945;ko:K00640;ko:K00604;ko:K01953;ko:K02298;ko:K01652;ko:K01915;ko:K03587;ko:K00836;ko:K00052;ko:K00647;ko:K00123;ko:K11755;ko:K00927;ko:K01955;ko:K11258;ko:K03431;ko:K00794;ko:K01779;ko:K00867;ko:K00757;ko:K03151;ko:K01739;ko:K00057;ko:K02563;ko:K02109;ko:K02115;ko:K02492;ko:K00648;ko:K01673;ko:K00631;ko:K01465;ko:K03885;ko:K00651;ko:K00957;ko:K03786;ko:K00645;ko:K00796;ko:K08967;ko:K02847;ko:K00761;ko:K07173;ko:K00097;ko:K00033;ko:K13979;ko:K00799;ko:K01595;ko:K00012;ko:K00383;ko:K09458;ko:K01940;ko:K03841;ko:K01886;ko:K01885;ko:K00297,down,ko01100,Metabolic pathways,7_vs_0,Rahnella
260,gs_ind_0,ko01110,125/275,4.945247592606813e-08,2.4602606773218894e-06,2.029186498769126,34.13549010892085,ko:K01962;ko:K00850;ko:K11753;ko:K00997;ko:K00215;ko:K00163;ko:K00789;ko:K01714;ko:K00940;ko:K00121;ko:K00655;ko:K02078;ko:K00765;ko:K09913;ko:K00919;ko:K00036;ko:K01682;ko:K00133;ko:K00791;ko:K00239;ko:K01835;ko:K00800;ko:K14170;ko:K00872;ko:K01710;ko:K12251;ko:K00826;ko:K03182;ko:K00956;ko:K00241;ko:K01903;ko:K00077;ko:K00382;ko:K00760;ko:K01790;ko:K00973;ko:K01956;ko:K00845;ko:K03823;ko:K01649;ko:K13498;ko:K01647;ko:K01653;ko:K01599;ko:K00088;ko:K14260;ko:K00013;ko:K00948;ko:K00067;ko:K01689;ko:K01803;ko:K01703;ko:K01624;ko:K00209;ko:K00939;ko:K01834;ko:K01735;ko:K03784;ko:K03621;ko:K00031;ko:K00116;ko:K01778;ko:K00600;ko:K01738;ko:K00793;ko:K00891;ko:K01961;ko:K03526;ko:K00053;ko:K00059;ko:K01613;ko:K00769;ko:K01918;ko:K00806;ko:K00832;ko:K01963;ko:K01754;ko:K00615;ko:K00831;ko:K05825;ko:K05349;ko:K02160;ko:K01007;ko:K00873;ko:K00265;ko:K00058;ko:K00616;ko:K00981;ko:K00014;ko:K00548;ko:K01497;ko:K01092;ko:K01696;ko:K00627;ko:K02257;ko:K00568;ko:K01626;ko:K01585;ko:K00549;ko:K01810;ko:K00134;ko:K00640;ko:K01953;ko:K01652;ko:K02523;ko:K01915;ko:K00052;ko:K11755;ko:K00927;ko:K11258;ko:K01955;ko:K00794;ko:K01739;ko:K00057;ko:K02492;ko:K00631;ko:K00957;ko:K00651;ko:K03786;ko:K00645;ko:K00033;ko:K13979;ko:K01940;ko:K03841;ko:K01885,down,ko01110,Biosynthesis of secondary metabolites,7_vs_0,Rahnella
282,gs_ind_0,ko02040,23/44,0.0022796553644384367,0.028353213595203056,2.493044086357482,15.167009600988747,ko:K02402;ko:K03086;ko:K02406;ko:K03092;ko:K02557;ko:K02407;ko:K02387;ko:K02386;ko:K02405;ko:K02398;ko:K02390;ko:K02399;ko:K02403;ko:K02415;ko:K02408;ko:K02422;ko:K02423;ko:K02416;ko:K02556;ko:K02396;ko:K02424;ko:K02397;ko:K02425,down,ko02040,Flagellar assembly,7_vs_0,Rahnella
262,gs_ind_0,ko01200,44/83,1.6076809094692086e-05,0.0005332141683072875,2.613878277948385,28.85233543293526,ko:K01962;ko:K00850;ko:K00627;ko:K01491;ko:K01647;ko:K00163;ko:K01810;ko:K00121;ko:K01963;ko:K13788;ko:K00134;ko:K00640;ko:K00036;ko:K01754;ko:K00615;ko:K01682;ko:K00831;ko:K00239;ko:K00948;ko:K01689;ko:K00123;ko:K00927;ko:K01803;ko:K01624;ko:K00209;ko:K01834;ko:K02160;ko:K01007;ko:K00031;ko:K00116;ko:K00873;ko:K00600;ko:K01738;ko:K00058;ko:K00616;ko:K00241;ko:K01903;ko:K00382;ko:K00033;ko:K01961;ko:K01595;ko:K03841;ko:K00845;ko:K00297,down,ko01200,Carbon metabolism,7_vs_0,Rahnella
181,gs_ind_0,ko00270,21/38,0.0014068590166224735,0.019997496021990874,2.8013310237943294,18.39464800930181,ko:K01011;ko:K00899;ko:K12339;ko:K00549;ko:K00789;ko:K00832;ko:K09880;ko:K00640;ko:K00133;ko:K00831;ko:K00872;ko:K01739;ko:K08968;ko:K00826;ko:K01919;ko:K00058;ko:K01738;ko:K00651;ko:K08967;ko:K07173;ko:K00548,down,ko00270,Cysteine and methionine metabolism,7_vs_0,Rahnella
245,gs_ind_0,ko00920,13/22,0.0054514655716411415,0.04931098403439032,3.221830634704259,16.79176498896955,ko:K00956;ko:K01011;ko:K00860;ko:K00381;ko:K00640;ko:K01739;ko:K07307;ko:K00957;ko:K01082;ko:K00390;ko:K02048;ko:K01738;ko:K00651,down,ko00920,Sulfur metabolism,7_vs_0,Rahnella
263,gs_ind_0,ko01210,18/30,0.0008444400349699696,0.012926428227617227,3.371163382072473,23.857173184846875,ko:K01649;ko:K00627;ko:K11258;ko:K00382;ko:K14260;ko:K01652;ko:K01647;ko:K01682;ko:K00133;ko:K05825;ko:K00031;ko:K00836;ko:K00163;ko:K00826;ko:K00052;ko:K00053;ko:K01653;ko:K01703,down,ko01210,2-Oxocarboxylic acid metabolism,7_vs_0,Rahnella
212,gs_ind_0,ko00550,14/23,0.0026792791449859912,0.03136332646189484,3.464862345617364,20.51963375717921,ko:K07258;ko:K19302;ko:K01921;ko:K01000;ko:K02563;ko:K01925;ko:K01928;ko:K00806;ko:K03587;ko:K05515;ko:K03588;ko:K01924;ko:K05365;ko:K00790,down,ko00550,Peptidoglycan biosynthesis,7_vs_0,Rahnella
281,gs_ind_0,ko02030,11/17,0.004005158799922514,0.04194876848339896,4.007803790412486,22.123766461030993,ko:K03406;ko:K03413;ko:K03415;ko:K05875;ko:K03412;ko:K02416;ko:K02557;ko:K02556;ko:K05876;ko:K00575;ko:K03407,down,ko02030,Bacterial chemotaxis,7_vs_0,Rahnella
266,gs_ind_0,ko01230,60/91,2.3866905396868944e-12,2.37475708698846e-10,4.572633172364536,122.36875495832936,ko:K01696;ko:K00850;ko:K01649;ko:K13498;ko:K01647;ko:K01626;ko:K12339;ko:K00215;ko:K00549;ko:K00789;ko:K01714;ko:K01653;ko:K00832;ko:K00765;ko:K00134;ko:K00640;ko:K01754;ko:K00615;ko:K14260;ko:K01953;ko:K01652;ko:K00133;ko:K01682;ko:K00013;ko:K00831;ko:K00836;ko:K01915;ko:K00052;ko:K00948;ko:K01689;ko:K00927;ko:K00800;ko:K01803;ko:K11755;ko:K01703;ko:K01624;ko:K11258;ko:K01834;ko:K01735;ko:K14170;ko:K00872;ko:K00674;ko:K01739;ko:K00031;ko:K00826;ko:K01778;ko:K00873;ko:K00600;ko:K00265;ko:K01738;ko:K00058;ko:K00651;ko:K00616;ko:K03786;ko:K00891;ko:K07173;ko:K00014;ko:K00053;ko:K00548;ko:K01940,down,ko01230,Biosynthesis of amino acids,7_vs_0,Rahnella
264,gs_ind_0,ko01212,11/16,0.001953216391581101,0.025912670794975945,4.739130434782608,29.5640123420554,ko:K01962;ko:K01963;ko:K02160;ko:K01961;ko:K02372;ko:K00648;ko:K00647;ko:K09458;ko:K00059;ko:K00645;ko:K00209,down,ko01212,Fatty acid metabolism,7_vs_0,Rahnella
253,gs_ind_0,ko00983,8/11,0.0051053119725549545,0.048378908692306474,5.4898215406689985,28.972388897700704,ko:K00758;ko:K00757;ko:K01489;ko:K00760;ko:K00799;ko:K01951;ko:K00940;ko:K00088,down,ko00983,Drug metabolism - other enzymes,7_vs_0,Rahnella
39,gs_ind_0,ko00500,17/25,7.0768413522066665e-06,0.00057322414952874,6.26998019254687,74.35370680805708,ko:K00697;ko:K00975;ko:K00688;ko:K01087;ko:K02759;ko:K02761;ko:K00690;ko:K01176;ko:K01187;ko:K01226;ko:K01222;ko:K06044;ko:K00703;ko:K00700;ko:K05349;ko:K00705;ko:K02760,up,ko00500,Starch and sucrose metabolism,7_vs_0,Rahnella
183,gs_ind_0,ko00290,10/13,0.0008087193544702318,0.012926428227617227,6.798615481434864,48.40654066292341,ko:K01649;ko:K01754;ko:K14260;ko:K01652;ko:K01653;ko:K00053;ko:K00826;ko:K00052;ko:K11258;ko:K01703,down,ko00290,"Valine, leucine and isoleucine biosynthesis",7_vs_0,Rahnella
3,gs_ind_0,ko00040,18/25,1.003516639631273e-06,0.00016256969562026624,7.527686274509804,103.97240348033363,ko:K08322;ko:K01815;ko:K08323;ko:K01812;ko:K03079;ko:K00040;ko:K00065;ko:K01629;ko:K01805;ko:K00853;ko:K01730;ko:K01804;ko:K00848;ko:K01686;ko:K03077;ko:K01685;ko:K00854;ko:K01731,up,ko00040,Pentose and glucuronate interconversions,7_vs_0,Rahnella
286,gs_ind_0,ko03018,13/16,4.410643029849466e-05,0.0012538828042000624,8.774208103961737,87.99569930009987,ko:K04077;ko:K00850;ko:K00962;ko:K03666;ko:K08300;ko:K08311;ko:K03628;ko:K03732;ko:K12573;ko:K01689;ko:K11927;ko:K05592;ko:K00937,down,ko03018,RNA degradation,7_vs_0,Rahnella
270,gs_ind_0,ko01320,6/7,0.004381768560943297,0.043598597181385805,9.781882696723022,53.11858553581958,ko:K00860;ko:K01738;ko:K00381;ko:K00957;ko:K00390;ko:K00956,down,ko01320,Sulfur cycle,7_vs_0,Rahnella
169,gs_ind_0,ko00061,11/13,9.262841885384106e-05,0.0018433055351914371,10.443478260869565,96.98769036309643,ko:K01962;ko:K01963;ko:K02160;ko:K01961;ko:K02372;ko:K00648;ko:K00647;ko:K09458;ko:K00059;ko:K00645;ko:K00209,down,ko00061,Fatty acid biosynthesis,7_vs_0,Rahnella
289,gs_ind_0,ko03060,16/18,4.7055095004248436e-07,1.8727927811690878e-05,15.079137603043755,219.69340827406742,ko:K03075;ko:K03074;ko:K03425;ko:K03110;ko:K03217;ko:K03106;ko:K03070;ko:K03076;ko:K03117;ko:K03073;ko:K03210;ko:K03100;ko:K13301;ko:K03116;ko:K03072;ko:K03071,down,ko03060,Protein export,7_vs_0,Rahnella
301,gs_ind_0,ko04112,10/11,5.945878575786978e-05,0.0014790372957270107,15.881057268722467,154.5262947936229,ko:K11749;ko:K03590;ko:K03531;ko:K02313;ko:K03589;ko:K02563;ko:K01358;ko:K03544;ko:K03588;ko:K01338,down,ko04112,Cell cycle - Caulobacter,7_vs_0,Rahnella
250,gs_ind_0,ko00970,22/24,6.568870614358134e-10,4.3573508408575625e-08,20.720127795527155,438.0962087874208,ko:K01885;ko:K01869;ko:K01872;ko:K01876;ko:K01890;ko:K00604;ko:K01875;ko:K01867;ko:K01887;ko:K01889;ko:K01873;ko:K01878;ko:K01883;ko:K01870;ko:K04567;ko:K01866;ko:K01881;ko:K01893;ko:K01868;ko:K01886;ko:K01892;ko:K01874,down,ko00970,Aminoacyl-tRNA biosynthesis,7_vs_0,Rahnella
285,gs_ind_0,ko03010,49/53,2.4468547728524397e-21,4.869240997976355e-19,26.200529450694905,1243.4635956604789,ko:K02931;ko:K02902;ko:K02946;ko:K02926;ko:K02990;ko:K02992;ko:K02888;ko:K02867;ko:K02968;ko:K02876;ko:K02939;ko:K02886;ko:K02916;ko:K02982;ko:K02881;ko:K02890;ko:K02913;ko:K02933;ko:K02899;ko:K02961;ko:K02967;ko:K02988;ko:K02863;ko:K02879;ko:K02884;ko:K02907;ko:K02871;ko:K02954;ko:K02892;ko:K02864;ko:K02914;ko:K02895;ko:K02970;ko:K02994;ko:K02906;ko:K02950;ko:K02935;ko:K02963;ko:K02952;ko:K02904;ko:K02887;ko:K02986;ko:K02959;ko:K02965;ko:K02956;ko:K02897;ko:K02878;ko:K02874;ko:K02945,down,ko03010,Ribosome,7_vs_0,Rahnella
204,gs_ind_0,ko00521,7/7,0.0002605746562063307,0.004714032416823619,33.921630094043884,279.94236194658544,ko:K01710;ko:K01790;ko:K01092;ko:K00973;ko:K01835;ko:K00067;ko:K00845,down,ko00521,Streptomycin biosynthesis,7_vs_0,Rahnella
174,gs_ind_0,ko00195,8/8,7.987615422940214e-05,0.0017661505212945583,38.49278091650973,363.1806657122307,ko:K02112;ko:K02109;ko:K02115;ko:K02108;ko:K02114;ko:K02113;ko:K02111;ko:K02110,down,ko00195,Photosynthesis,7_vs_0,Rahnella
257,gs_ind_0,ko01100,257/683,0.0001934738149113361,0.0035177057256606564,1.4018077596505052,11.98597274030085,ko:K01962;ko:K00850;ko:K00381;ko:K01256;ko:K01839;ko:K01433;ko:K00899;ko:K01921;ko:K01255;ko:K01000;ko:K02108;ko:K11753;ko:K01491;ko:K00215;ko:K00275;ko:K00163;ko:K00789;ko:K01714;ko:K03183;ko:K00940;ko:K01916;ko:K02112;ko:K00121;ko:K02078;ko:K00765;ko:K00334;ko:K09913;ko:K00919;ko:K00036;ko:K00991;ko:K01495;ko:K02297;ko:K00133;ko:K00239;ko:K00791;ko:K02851;ko:K02114;ko:K06949;ko:K01682;ko:K09903;ko:K02564;ko:K01835;ko:K00763;ko:K00800;ko:K01924;ko:K02111;ko:K00342;ko:K14170;ko:K00872;ko:K01051;ko:K01710;ko:K08968;ko:K12251;ko:K00826;ko:K00836;ko:K01919;ko:K03182;ko:K00956;ko:K00525;ko:K00241;ko:K01903;ko:K00860;ko:K01485;ko:K00963;ko:K00077;ko:K00382;ko:K01923;ko:K01790;ko:K02843;ko:K02372;ko:K08310;ko:K02113;ko:K00973;ko:K00246;ko:K01925;ko:K01956;ko:K01821;ko:K19267;ko:K00845;ko:K01515;ko:K01649;ko:K13498;ko:K01647;ko:K00390;ko:K01443;ko:K12339;ko:K00331;ko:K05366;ko:K00088;ko:K03527;ko:K00656;ko:K03274;ko:K02501;ko:K07258;ko:K14260;ko:K01920;ko:K00013;ko:K02535;ko:K00948;ko:K01689;ko:K01939;ko:K06211;ko:K01803;ko:K13378;ko:K01703;ko:K01624;ko:K00209;ko:K00939;ko:K03638;ko:K01834;ko:K01735;ko:K03784;ko:K03621;ko:K00009;ko:K00031;ko:K00116;ko:K00817;ko:K01778;ko:K00600;ko:K01738;ko:K00793;ko:K02777;ko:K02300;ko:K00758;ko:K00891;ko:K02844;ko:K05851;ko:K01744;ko:K01961;ko:K03526;ko:K00053;ko:K00820;ko:K01929;ko:K00951;ko:K01951;ko:K03474;ko:K03778;ko:K00059;ko:K03273;ko:K01874;ko:K06966;ko:K02472;ko:K01704;ko:K00099;ko:K01928;ko:K01082;ko:K01756;ko:K01937;ko:K01619;ko:K00769;ko:K01270;ko:K00790;ko:K00832;ko:K01963;ko:K03644;ko:K16704;ko:K03524;ko:K01754;ko:K00615;ko:K05825;ko:K00324;ko:K05365;ko:K00164;ko:K05349;ko:K00425;ko:K00674;ko:K00748;ko:K00873;ko:K05515;ko:K02536;ko:K00265;ko:K00058;ko:K00616;ko:K13038;ko:K00981;ko:K00014;ko:K00548;ko:K01497;ko:K00658;ko:K07404;ko:K07043;ko:K01092;ko:K01611;ko:K02110;ko:K01696;ko:K00627;ko:K00677;ko:K02257;ko:K03651;ko:K00568;ko:K00278;ko:K01626;ko:K01585;ko:K00549;ko:K01810;ko:K01719;ko:K00606;ko:K13788;ko:K00134;ko:K00942;ko:K01494;ko:K09880;ko:K00640;ko:K01953;ko:K02298;ko:K01652;ko:K01915;ko:K11754;ko:K03587;ko:K00052;ko:K00647;ko:K00123;ko:K11755;ko:K00927;ko:K01955;ko:K11258;ko:K00867;ko:K00794;ko:K01058;ko:K00912;ko:K03151;ko:K00757;ko:K01012;ko:K00380;ko:K01739;ko:K02439;ko:K02563;ko:K02109;ko:K02115;ko:K02492;ko:K01752;ko:K00648;ko:K01673;ko:K00631;ko:K00957;ko:K00651;ko:K03786;ko:K00645;ko:K00796;ko:K08967;ko:K00761;ko:K07173;ko:K00033;ko:K13979;ko:K00925;ko:K00799;ko:K01761;ko:K01595;ko:K00012;ko:K04072;ko:K00383;ko:K09458;ko:K01940;ko:K03841;ko:K01886;ko:K01885;ko:K00297,down,ko01100,Metabolic pathways,21_vs_0,Rahnella
258,gs_ind_0,ko01110,134/275,8.739593365205954e-10,5.8263955768039694e-08,2.2061768293449693,46.016408215394385,ko:K01962;ko:K00850;ko:K11753;ko:K00215;ko:K00163;ko:K00789;ko:K01714;ko:K03183;ko:K00940;ko:K00121;ko:K02078;ko:K00765;ko:K09913;ko:K00919;ko:K00036;ko:K00991;ko:K01682;ko:K00133;ko:K00791;ko:K00239;ko:K01835;ko:K00800;ko:K14170;ko:K00872;ko:K01710;ko:K12251;ko:K00826;ko:K03182;ko:K00956;ko:K00241;ko:K01903;ko:K00963;ko:K00077;ko:K01923;ko:K00382;ko:K01790;ko:K00973;ko:K00246;ko:K01956;ko:K19267;ko:K00845;ko:K01649;ko:K13498;ko:K01647;ko:K00088;ko:K03527;ko:K02501;ko:K14260;ko:K00013;ko:K00948;ko:K01689;ko:K01803;ko:K01703;ko:K01624;ko:K00209;ko:K00939;ko:K01834;ko:K01735;ko:K03784;ko:K03621;ko:K00031;ko:K00116;ko:K00817;ko:K01778;ko:K00600;ko:K01738;ko:K00793;ko:K00891;ko:K01961;ko:K03526;ko:K00053;ko:K00059;ko:K01704;ko:K00099;ko:K01756;ko:K00769;ko:K00806;ko:K00832;ko:K01963;ko:K01754;ko:K00615;ko:K05825;ko:K00164;ko:K05349;ko:K00873;ko:K00265;ko:K00058;ko:K00616;ko:K00981;ko:K00014;ko:K00548;ko:K01497;ko:K00658;ko:K07404;ko:K01092;ko:K01611;ko:K01696;ko:K00627;ko:K02257;ko:K00568;ko:K01626;ko:K01585;ko:K00549;ko:K01719;ko:K01810;ko:K00606;ko:K00134;ko:K00640;ko:K01953;ko:K01652;ko:K02523;ko:K01915;ko:K00052;ko:K11755;ko:K00927;ko:K11258;ko:K01955;ko:K00794;ko:K01058;ko:K01739;ko:K02439;ko:K02492;ko:K01752;ko:K00631;ko:K00957;ko:K00651;ko:K03786;ko:K00645;ko:K00033;ko:K13979;ko:K04072;ko:K01940;ko:K03841;ko:K01885,down,ko01110,Biosynthesis of secondary metabolites,21_vs_0,Rahnella
280,gs_ind_0,ko02040,23/44,0.0040091394850457745,0.04009139485045774,2.351981818441703,12.981007844469463,ko:K02402;ko:K03086;ko:K02406;ko:K03092;ko:K02557;ko:K02407;ko:K02387;ko:K02386;ko:K02411;ko:K02405;ko:K02398;ko:K02390;ko:K02399;ko:K02403;ko:K02408;ko:K02422;ko:K02423;ko:K02420;ko:K02556;ko:K02396;ko:K02424;ko:K02397;ko:K02425,down,ko02040,Flagellar assembly,21_vs_0,Rahnella
170,gs_ind_0,ko00190,22/40,0.002098616265160539,0.02331795850178377,2.6183365686128117,16.14591241919584,ko:K01507;ko:K02257;ko:K02108;ko:K00331;ko:K02112;ko:K00334;ko:K02298;ko:K02297;ko:K00239;ko:K02114;ko:K13378;ko:K02111;ko:K00425;ko:K00342;ko:K02109;ko:K02115;ko:K00241;ko:K02300;ko:K02113;ko:K00246;ko:K00937;ko:K02110,down,ko00190,Oxidative phosphorylation,21_vs_0,Rahnella
260,gs_ind_0,ko01200,47/83,2.3644088015858857e-06,7.881362671952952e-05,2.8607060129959136,37.06039646604857,ko:K01962;ko:K00850;ko:K00627;ko:K01491;ko:K01647;ko:K00163;ko:K01810;ko:K00121;ko:K01963;ko:K13788;ko:K00134;ko:K00640;ko:K00036;ko:K01754;ko:K00615;ko:K01682;ko:K00239;ko:K00948;ko:K01689;ko:K00123;ko:K00927;ko:K01803;ko:K00164;ko:K01624;ko:K00209;ko:K01834;ko:K00031;ko:K00116;ko:K01752;ko:K00873;ko:K00600;ko:K01738;ko:K00058;ko:K00616;ko:K00241;ko:K01903;ko:K00382;ko:K00033;ko:K01961;ko:K00925;ko:K01595;ko:K00658;ko:K07404;ko:K00246;ko:K03841;ko:K00845;ko:K00297,down,ko01200,Carbon metabolism,21_vs_0,Rahnella
178,gs_ind_0,ko00270,23/38,0.00025765391443628016,0.004294231907271336,3.2736086603089003,27.052752643522922,ko:K00899;ko:K12339;ko:K00549;ko:K00789;ko:K00832;ko:K09880;ko:K00640;ko:K00133;ko:K01920;ko:K00872;ko:K01739;ko:K08968;ko:K00826;ko:K01752;ko:K01919;ko:K00058;ko:K01738;ko:K00651;ko:K08967;ko:K07173;ko:K01761;ko:K00548;ko:K01611,down,ko00270,Cysteine and methionine metabolism,21_vs_0,Rahnella
207,gs_ind_0,ko00550,15/23,0.0010654043163439153,0.014287619193216578,3.9145394006659266,26.792677044393304,ko:K07258;ko:K01921;ko:K01000;ko:K02563;ko:K01925;ko:K01928;ko:K00806;ko:K03587;ko:K05515;ko:K05366;ko:K01929;ko:K03588;ko:K01924;ko:K05365;ko:K00790,down,ko00550,Peptidoglycan biosynthesis,21_vs_0,Rahnella
261,gs_ind_0,ko01210,20/30,9.67921702079819e-05,0.002150937115732931,4.212025777855539,38.93152030031013,ko:K01649;ko:K00627;ko:K01704;ko:K01647;ko:K00163;ko:K14260;ko:K01652;ko:K01682;ko:K00133;ko:K05825;ko:K00836;ko:K00052;ko:K11258;ko:K00164;ko:K01703;ko:K00031;ko:K00826;ko:K00382;ko:K00053;ko:K00658,down,ko01210,2-Oxocarboxylic acid metabolism,21_vs_0,Rahnella
38,gs_ind_0,ko00500,14/25,0.0002713944178172266,0.021575856216469513,4.41799022023426,36.280259029053106,ko:K00847;ko:K00688;ko:K01087;ko:K02759;ko:K02761;ko:K00690;ko:K01176;ko:K01187;ko:K01222;ko:K06044;ko:K00703;ko:K00700;ko:K05349;ko:K00705,up,ko00500,Starch and sucrose metabolism,21_vs_0,Rahnella
190,gs_ind_0,ko00400,11/16,0.0027832203710224076,0.029297056537077974,4.474368151533506,26.32783821253919,ko:K01735;ko:K14170;ko:K01696;ko:K00891;ko:K13498;ko:K01626;ko:K00014;ko:K00817;ko:K00800;ko:K03786;ko:K00832,down,ko00400,"Phenylalanine, tyrosine and tryptophan biosynthesis",21_vs_0,Rahnella
264,gs_ind_0,ko01230,62/91,7.472576498044665e-13,7.472576498044665e-11,4.766607215152477,133.09495293913363,ko:K01696;ko:K00850;ko:K01649;ko:K01704;ko:K13498;ko:K01647;ko:K01626;ko:K12339;ko:K00215;ko:K00549;ko:K00789;ko:K01714;ko:K00832;ko:K00765;ko:K02501;ko:K00134;ko:K00640;ko:K01754;ko:K00615;ko:K14260;ko:K01953;ko:K01652;ko:K00133;ko:K01682;ko:K00013;ko:K00836;ko:K01915;ko:K00052;ko:K00948;ko:K01689;ko:K00927;ko:K00800;ko:K01803;ko:K11755;ko:K01703;ko:K01624;ko:K11258;ko:K01834;ko:K01735;ko:K14170;ko:K00872;ko:K00674;ko:K01739;ko:K00031;ko:K00826;ko:K00817;ko:K01778;ko:K00873;ko:K01752;ko:K00600;ko:K00265;ko:K01738;ko:K00058;ko:K00651;ko:K00616;ko:K03786;ko:K00891;ko:K07173;ko:K00014;ko:K00053;ko:K00548;ko:K01940,down,ko01230,Biosynthesis of amino acids,21_vs_0,Rahnella
3,gs_ind_0,ko00040,15/25,5.472696461969102e-05,0.008701587374530872,5.184071532543149,50.87209237539817,ko:K01815;ko:K08323;ko:K01812;ko:K00040;ko:K00065;ko:K01629;ko:K01805;ko:K01804;ko:K01730;ko:K00848;ko:K01686;ko:K03077;ko:K01685;ko:K00854;ko:K01731,up,ko00040,Pentose and glucuronate interconversions,21_vs_0,Rahnella
286,gs_ind_0,ko03030,11/15,0.0012217122328684275,0.014373085092569734,5.471767952082913,36.701894124363676,ko:K02314;ko:K02338;ko:K02335;ko:K02345;ko:K03111;ko:K01972;ko:K02340;ko:K02337;ko:K02343;ko:K02316;ko:K02339,down,ko03030,DNA replication,21_vs_0,Rahnella
180,gs_ind_0,ko00290,10/13,0.0011430095354573262,0.014287619193216578,6.419237749546279,43.48449778845807,ko:K01649;ko:K01704;ko:K01754;ko:K14260;ko:K01652;ko:K00053;ko:K00826;ko:K00052;ko:K11258;ko:K01703,down,ko00290,"Valine, leucine and isoleucine biosynthesis",21_vs_0,Rahnella
166,gs_ind_0,ko00061,10/13,0.0011430095354573262,0.014287619193216578,6.419237749546279,43.48449778845807,ko:K01962;ko:K01963;ko:K01961;ko:K02372;ko:K00648;ko:K00647;ko:K09458;ko:K00059;ko:K00645;ko:K00209,down,ko00061,Fatty acid biosynthesis,21_vs_0,Rahnella
287,gs_ind_0,ko03060,15/18,1.0163013035705694e-05,0.00025407532589264234,9.533692722371967,109.60653520553768,ko:K03075;ko:K03074;ko:K03425;ko:K03110;ko:K03217;ko:K03106;ko:K03101;ko:K03070;ko:K03076;ko:K03117;ko:K03073;ko:K03210;ko:K03100;ko:K03072;ko:K03071,down,ko03060,Protein export,21_vs_0,Rahnella
248,gs_ind_0,ko00970,21/24,2.470044955495099e-08,1.2350224777475495e-06,13.321450468599457,233.34444636563177,ko:K01885;ko:K01869;ko:K01872;ko:K01876;ko:K01890;ko:K01875;ko:K01879;ko:K01887;ko:K01889;ko:K01873;ko:K01878;ko:K01883;ko:K01870;ko:K04567;ko:K01866;ko:K01881;ko:K01893;ko:K01868;ko:K01886;ko:K01892;ko:K01874,down,ko00970,Aminoacyl-tRNA biosynthesis,21_vs_0,Rahnella
28,gs_ind_0,ko00362,6/7,0.0007230150208141596,0.03831979610315046,15.049297793063916,108.83773401605671,ko:K01782;ko:K10218;ko:K16515;ko:K16514;ko:K00632;ko:K01607,up,ko00362,Benzoate degradation,21_vs_0,Rahnella
283,gs_ind_0,ko03010,48/53,3.635970502705051e-19,7.271941005410103e-17,19.755634980111836,838.7895052295911,ko:K02931;ko:K02902;ko:K02946;ko:K02926;ko:K02990;ko:K02992;ko:K02888;ko:K02867;ko:K02968;ko:K02876;ko:K02939;ko:K02886;ko:K02916;ko:K02982;ko:K02881;ko:K02890;ko:K02913;ko:K02933;ko:K02899;ko:K02961;ko:K02967;ko:K02988;ko:K02863;ko:K02879;ko:K02884;ko:K02907;ko:K02871;ko:K02954;ko:K02892;ko:K02864;ko:K02914;ko:K02895;ko:K02970;ko:K02994;ko:K02906;ko:K02950;ko:K02935;ko:K02963;ko:K02952;ko:K02904;ko:K02887;ko:K02986;ko:K02959;ko:K02965;ko:K02897;ko:K02878;ko:K02874;ko:K02945,down,ko03010,Ribosome,21_vs_0,Rahnella
284,gs_ind_0,ko03018,15/16,4.0248166321201773e-07,1.609926652848071e-05,22.270440251572328,327.94595794026793,ko:K04077;ko:K00850;ko:K00962;ko:K03666;ko:K08300;ko:K04043;ko:K08311;ko:K03628;ko:K03732;ko:K12573;ko:K01689;ko:K00970;ko:K11927;ko:K05592;ko:K00937,down,ko03018,RNA degradation,21_vs_0,Rahnella
268,gs_ind_0,ko01320,7/7,0.0003427837967477396,0.0052735968730421474,32.034358047016276,255.58326307896078,ko:K00860;ko:K01738;ko:K00381;ko:K00380;ko:K00957;ko:K00390;ko:K00956,down,ko01320,Sulfur cycle,21_vs_0,Rahnella
171,gs_ind_0,ko00195,8/8,0.0001092952951937985,0.00218590590387597,36.349426674713335,331.5597399703854,ko:K02112;ko:K02109;ko:K02115;ko:K02108;ko:K02114;ko:K02113;ko:K02111;ko:K02110,down,ko00195,Photosynthesis,21_vs_0,Rahnella
299,gs_ind_0,ko04112,11/11,3.525331691665232e-06,0.00010072376261900662,49.357359176256814,619.7081014436859,ko:K11749;ko:K02314;ko:K03590;ko:K03531;ko:K02313;ko:K03589;ko:K02563;ko:K01358;ko:K03544;ko:K03588;ko:K01338,down,ko04112,Cell cycle - Caulobacter,21_vs_0,Rahnella
