,Name,Term,ES,NES,NOM p-val,FDR q-val,FWER p-val,Tag %,Gene %,Lead_genes,KEGG_Pathway,KEGG_Pathway_Name,contrast,strain
0,prerank,ko00630,0.7831750134157667,2.5238550541484153,0.0,0.0,0.0,15/33,8.37%,ko:K07248;ko:K01433;ko:K11472;ko:K00104;ko:K01638;ko:K00600;ko:K11473;ko:K01637;ko:K00123;ko:K00127;ko:K01915;ko:K00124;ko:K19268;ko:K03781;ko:K00626,ko00630,Glyoxylate and dicarboxylate metabolism,1_vs_0,Pseudomonas1
1,prerank,ko00280,0.82726259786066,2.376191421656653,0.0,0.0,0.0,16/20,14.60%,ko:K01969;ko:K00249;ko:K00140;ko:K00253;ko:K00020;ko:K00263;ko:K13766;ko:K00128;ko:K01782;ko:K01692;ko:K00626;ko:K01640;ko:K00248;ko:K01968;ko:K01028;ko:K01029,ko00280,"Valine, leucine and isoleucine degradation",1_vs_0,Pseudomonas1
2,prerank,ko01120,0.5057808849305969,2.188452003292069,0.0,0.0,0.0,63/199,14.91%,ko:K00148;ko:K00114;ko:K07248;ko:K02510;ko:K11472;ko:K00104;ko:K01638;ko:K12661;ko:K00600;ko:K00074;ko:K00140;ko:K11473;ko:K07046;ko:K18333;ko:K01607;ko:K01477;ko:K01637;ko:K00123;ko:K00031;ko:K03335;ko:K01785;ko:K03338;ko:K00127;ko:K01915;ko:K00124;ko:K00010;ko:K00128;ko:K03336;ko:K00615;ko:K01782;ko:K00448;ko:K01692;ko:K19268;ko:K01857;ko:K03862;ko:K01061;ko:K14974;ko:K00121;ko:K01053;ko:K00641;ko:K00626;ko:K00137;ko:K03778;ko:K03337;ko:K15634;ko:K13483;ko:K13979;ko:K01501;ko:K01640;ko:K19745;ko:K00248;ko:K01032;ko:K01799;ko:K01070;ko:K18030;ko:K00135;ko:K05549;ko:K01960;ko:K00449;ko:K11178;ko:K01430;ko:K00362;ko:K01457,ko01120,Microbial metabolism in diverse environments,1_vs_0,Pseudomonas1
3,prerank,ko00362,0.7477291051354562,2.031862213193543,0.0,0.00150233696861785,0.005,11/16,15.43%,ko:K00074;ko:K01607;ko:K01782;ko:K00448;ko:K01692;ko:K01857;ko:K00626;ko:K01032;ko:K05549;ko:K00449;ko:K01055,ko00362,Benzoate degradation,1_vs_0,Pseudomonas1
4,prerank,ko00040,0.7985850677863963,1.9885956813872039,0.0,0.0036056087246828404,0.015,7/12,10.39%,ko:K01805;ko:K01685;ko:K14259;ko:K00008;ko:K13877;ko:K14274;ko:K01686,ko00040,Pentose and glucuronate interconversions,1_vs_0,Pseudomonas1
5,prerank,ko00260,0.5879683148997118,1.9593743816372942,0.0,0.00540841308702426,0.026,14/40,11.40%,ko:K21833;ko:K00302;ko:K00304;ko:K01752;ko:K00303;ko:K00600;ko:K00305;ko:K21834;ko:K00479;ko:K21832;ko:K00130;ko:K15634;ko:K00108;ko:K01754,ko00260,"Glycine, serine and threonine metabolism",1_vs_0,Pseudomonas1
6,prerank,ko05022,0.8792915865846901,1.9217068651204638,0.0,0.007211217449365681,0.047,6/7,11.73%,ko:K08738;ko:K00413;ko:K00412;ko:K03781;ko:K04565;ko:K00411,ko05022,Pathways of neurodegeneration - multiple diseases,1_vs_0,Pseudomonas1
7,prerank,ko05014,0.8792915865846901,1.9217068651204638,0.0,0.007211217449365681,0.047,6/7,11.73%,ko:K08738;ko:K00413;ko:K00412;ko:K03781;ko:K04565;ko:K00411,ko05014,Amyotrophic lateral sclerosis,1_vs_0,Pseudomonas1
8,prerank,ko00562,0.8584104847496667,1.9111653240771747,0.0,0.007344758513242822,0.054,6/8,9.38%,ko:K00140;ko:K03335;ko:K03338;ko:K00010;ko:K03336;ko:K03337,ko00562,Inositol phosphate metabolism,1_vs_0,Pseudomonas1
9,prerank,ko00071,0.7555468352565444,1.907943925078007,0.0,0.00661028266191854,0.054,8/12,11.18%,ko:K00249;ko:K00128;ko:K01782;ko:K01692;ko:K00121;ko:K00626;ko:K01897;ko:K00248,ko00071,Fatty acid degradation,1_vs_0,Pseudomonas1
10,prerank,ko01220,0.793598983383729,1.8938588709248632,0.0018726591760299626,0.007320478319810615,0.064,9/11,19.31%,ko:K01607;ko:K00448;ko:K01857;ko:K00121;ko:K01053;ko:K05549;ko:K00449;ko:K01055;ko:K03381,ko01220,Degradation of aromatic compounds,1_vs_0,Pseudomonas1
11,prerank,ko00053,0.8145596609535358,1.8919484421140156,0.0,0.006810594257734253,0.065,8/10,11.64%,ko:K14259;ko:K01707;ko:K00128;ko:K13877;ko:K01708;ko:K01053;ko:K01706;ko:K18981,ko00053,Ascorbate and aldarate metabolism,1_vs_0,Pseudomonas1
12,prerank,ko02020,0.4618696719009881,1.8767726071349888,0.0,0.007581023472410075,0.077,28/116,12.34%,ko:K02651;ko:K11690;ko:K11689;ko:K01991;ko:K11688;ko:K08738;ko:K12510;ko:K00405;ko:K02279;ko:K02283;ko:K01915;ko:K07684;ko:K00413;ko:K00404;ko:K02040;ko:K02282;ko:K18093;ko:K00412;ko:K02280;ko:K00626;ko:K00406;ko:K12511;ko:K03406;ko:K02556;ko:K00425;ko:K00411;ko:K07660;ko:K03563,ko02020,Two-component system,1_vs_0,Pseudomonas1
13,prerank,ko05016,0.8303128714951133,1.8145778248604805,0.0021141649048625794,0.015710152300403804,0.166,5/7,11.73%,ko:K08738;ko:K00413;ko:K00412;ko:K04565;ko:K00411,ko05016,Huntington disease,1_vs_0,Pseudomonas1
14,prerank,ko00380,0.6826152249182407,1.8070634246897226,0.005474452554744526,0.01634542621856221,0.182,7/14,10.24%,ko:K03782;ko:K00128;ko:K01782;ko:K01692;ko:K03781;ko:K00626;ko:K01501,ko00380,Tryptophan metabolism,1_vs_0,Pseudomonas1
15,prerank,ko00650,0.632223202890736,1.801940114466946,0.0,0.01645058980636546,0.193,12/20,17.08%,ko:K00074;ko:K01782;ko:K01692;ko:K00626;ko:K01640;ko:K00248;ko:K01028;ko:K01799;ko:K00135;ko:K01029;ko:K07246;ko:K03821,ko00650,Butanoate metabolism,1_vs_0,Pseudomonas1
16,prerank,ko05020,0.884026927784578,1.7864612377287268,0.0021413276231263384,0.017886647202838404,0.215,5/5,11.73%,ko:K08738;ko:K00413;ko:K00412;ko:K04565;ko:K00411,ko05020,Prion disease,1_vs_0,Pseudomonas1
17,prerank,ko01200,0.4626712146974376,1.7820085191257633,0.0,0.018094814155352773,0.227,21/88,11.40%,ko:K00148;ko:K01638;ko:K01752;ko:K00600;ko:K00074;ko:K00140;ko:K01637;ko:K00123;ko:K00031;ko:K00127;ko:K00124;ko:K00615;ko:K01782;ko:K19268;ko:K03781;ko:K00121;ko:K01053;ko:K00626;ko:K15634;ko:K00248;ko:K01754,ko01200,Carbon metabolism,1_vs_0,Pseudomonas1
18,prerank,ko00680,0.6032523854238584,1.7538064883012674,0.008771929824561403,0.023468084857146205,0.302,7/21,9.65%,ko:K00148;ko:K00600;ko:K00123;ko:K00127;ko:K00124;ko:K00121;ko:K15634,ko00680,Methane metabolism,1_vs_0,Pseudomonas1
19,prerank,ko02010,0.4513318797185138,1.7515427608629697,0.0,0.022835521922991323,0.307,38/97,18.55%,ko:K02002;ko:K17321;ko:K17325;ko:K17322;ko:K17324;ko:K02001;ko:K02000;ko:K17323;ko:K10543;ko:K17215;ko:K01999;ko:K02040;ko:K15553;ko:K11963;ko:K10544;ko:K11069;ko:K01995;ko:K11959;ko:K10537;ko:K10440;ko:K10227;ko:K17214;ko:K01998;ko:K15552;ko:K11071;ko:K10441;ko:K01996;ko:K11073;ko:K10439;ko:K09969;ko:K11075;ko:K11074;ko:K11076;ko:K01997;ko:K09808;ko:K09815;ko:K13894;ko:K13895,ko02010,ABC transporters,1_vs_0,Pseudomonas1
20,prerank,ko05208,0.8045385959875941,1.7404446168937355,0.003976143141153081,0.024380782804998252,0.332,6/7,14.73%,ko:K00413;ko:K00412;ko:K03781;ko:K04565;ko:K00411;ko:K00799,ko05208,Chemical carcinogenesis - reactive oxygen species,1_vs_0,Pseudomonas1
21,prerank,ko02040,0.5203851172761463,1.7399528228421632,0.008103727714748784,0.023381826275215994,0.333,26/41,27.62%,ko:K02556;ko:K02415;ko:K02400;ko:K02412;ko:K02391;ko:K02394;ko:K02414;ko:K02407;ko:K02408;ko:K02419;ko:K02416;ko:K02392;ko:K02417;ko:K02418;ko:K02389;ko:K02396;ko:K02410;ko:K02401;ko:K02413;ko:K02557;ko:K02409;ko:K02395;ko:K21218;ko:K02398;ko:K02405;ko:K02390,ko02040,Flagellar assembly,1_vs_0,Pseudomonas1
22,prerank,ko00310,0.7297283357739653,1.733577564947078,0.011450381679389313,0.023776115503343364,0.35,7/10,18.42%,ko:K00128;ko:K01782;ko:K01692;ko:K00626;ko:K00137;ko:K00135;ko:K13609,ko00310,Lysine degradation,1_vs_0,Pseudomonas1
23,prerank,ko00410,0.7847520215766774,1.724521916279827,0.001949317738791423,0.02498887157801024,0.371,6/8,11.18%,ko:K00140;ko:K00128;ko:K01782;ko:K01692;ko:K00137;ko:K00248,ko00410,beta-Alanine metabolism,1_vs_0,Pseudomonas1
24,prerank,ko05010,0.8517308565046942,1.6953626522095397,0.004338394793926247,0.03206588025817939,0.452,4/5,11.73%,ko:K08738;ko:K00413;ko:K00412;ko:K00411,ko05010,Alzheimer disease,1_vs_0,Pseudomonas1
25,prerank,ko02030,0.6079182975074744,1.6511953416760676,0.01858736059479554,0.04775120272560736,0.596,13/16,30.09%,ko:K03406;ko:K02556;ko:K10439;ko:K03408;ko:K02416;ko:K02417;ko:K03412;ko:K02410;ko:K02557;ko:K03415;ko:K03776;ko:K03407;ko:K00575,ko02030,Bacterial chemotaxis,1_vs_0,Pseudomonas1
26,prerank,ko03010,-0.6680265992201115,-2.6355580669909826,0.0,0.0,0.0,44/52,29.42%,ko:K02954;ko:K02895;ko:K02931;ko:K02935;ko:K02864;ko:K02939;ko:K02878;ko:K02904;ko:K02874;ko:K02982;ko:K02899;ko:K02902;ko:K02965;ko:K02890;ko:K02961;ko:K02907;ko:K02879;ko:K02986;ko:K02967;ko:K02897;ko:K02948;ko:K02945;ko:K02990;ko:K02963;ko:K02884;ko:K02956;ko:K02952;ko:K02876;ko:K02871;ko:K02887;ko:K02867;ko:K02992;ko:K02888;ko:K02914;ko:K02892;ko:K02996;ko:K02950;ko:K02988;ko:K02926;ko:K02881;ko:K02886;ko:K02959;ko:K02933;ko:K02863,ko03010,Ribosome,1_vs_0,Pseudomonas1
0,prerank,ko02040,0.8307765910544613,2.8270127881247684,0.0,0.0,0.0,35/40,13.80%,ko:K02391;ko:K02415;ko:K02393;ko:K02394;ko:K02408;ko:K02392;ko:K02409;ko:K02387;ko:K10943;ko:K02400;ko:K02388;ko:K02414;ko:K02416;ko:K02417;ko:K02389;ko:K02412;ko:K02395;ko:K02407;ko:K02410;ko:K02390;ko:K02396;ko:K02418;ko:K02419;ko:K02413;ko:K02397;ko:K02411;ko:K02405;ko:K21218;ko:K02556;ko:K02386;ko:K02398;ko:K02406;ko:K02401;ko:K02422;ko:K02399,ko02040,Flagellar assembly,2_vs_0,Pseudomonas1
1,prerank,ko02030,0.8089854878419707,2.171343265556541,0.0,0.0,0.0,14/16,18.86%,ko:K02416;ko:K02417;ko:K03406;ko:K03408;ko:K02410;ko:K03415;ko:K03776;ko:K02556;ko:K03412;ko:K03413;ko:K03407;ko:K00575;ko:K03414;ko:K02557,ko02030,Bacterial chemotaxis,2_vs_0,Pseudomonas1
2,prerank,ko00541,0.7500419101580643,2.166776778752339,0.0,0.0,0.0,7/20,7.59%,ko:K00978;ko:K01709;ko:K20429;ko:K21379;ko:K01790;ko:K19180;ko:K15894,ko00541,Biosynthesis of various nucleotide sugars,2_vs_0,Pseudomonas1
3,prerank,ko00630,0.6648823996533878,2.1307048835030784,0.0,0.0,0.0,15/31,11.44%,ko:K01637;ko:K00124;ko:K00127;ko:K00123;ko:K07248;ko:K19268;ko:K01915;ko:K11472;ko:K00104;ko:K00626;ko:K01608;ko:K03781;ko:K01638;ko:K01681;ko:K11473,ko00630,Glyoxylate and dicarboxylate metabolism,2_vs_0,Pseudomonas1
4,prerank,ko02025,0.6313081883757494,2.1177899153519326,0.0,0.0,0.0,19/41,13.56%,ko:K20999;ko:K21003;ko:K21000;ko:K20998;ko:K21001;ko:K21004;ko:K11900;ko:K11903;ko:K11893;ko:K02405;ko:K11901;ko:K21002;ko:K11444;ko:K11907;ko:K11895;ko:K02398;ko:K11891;ko:K19291;ko:K21024,ko02025,Biofilm formation - Pseudomonas aeruginosa,2_vs_0,Pseudomonas1
5,prerank,ko01250,0.6112223555906594,1.9855234181337709,0.0,0.0029742803024373444,0.015,7/32,7.59%,ko:K00978;ko:K01709;ko:K20429;ko:K21379;ko:K01790;ko:K19180;ko:K15894,ko01250,Biosynthesis of nucleotide sugars,2_vs_0,Pseudomonas1
6,prerank,ko00040,0.784230994574921,1.9228832616250109,0.0,0.005778601730449698,0.033,7/11,13.21%,ko:K01685;ko:K13877;ko:K14274;ko:K01805;ko:K14259;ko:K00008;ko:K00963,ko00040,Pentose and glucuronate interconversions,2_vs_0,Pseudomonas1
7,prerank,ko01120,0.4311527873062836,1.873268667782043,0.0,0.008922840907312034,0.059,58/183,17.16%,ko:K00114;ko:K01637;ko:K00124;ko:K00127;ko:K01785;ko:K00123;ko:K07248;ko:K12661;ko:K02510;ko:K00615;ko:K11178;ko:K11177;ko:K00161;ko:K13483;ko:K19268;ko:K13979;ko:K00031;ko:K00627;ko:K01915;ko:K00148;ko:K01960;ko:K11472;ko:K00104;ko:K00626;ko:K01555;ko:K00140;ko:K01782;ko:K00074;ko:K01959;ko:K01607;ko:K00162;ko:K00451;ko:K00064;ko:K01638;ko:K18333;ko:K00137;ko:K01681;ko:K01778;ko:K11473;ko:K14974;ko:K00362;ko:K00034;ko:K01692;ko:K03336;ko:K00134;ko:K06152;ko:K03335;ko:K01895;ko:K01007;ko:K15784;ko:K07046;ko:K01477;ko:K13609;ko:K00133;ko:K00036;ko:K04091;ko:K01061;ko:K01679,ko01120,Microbial metabolism in diverse environments,2_vs_0,Pseudomonas1
8,prerank,ko00051,0.6639999007580384,1.8132817437557966,0.0,0.019960725585246177,0.136,10/16,21.60%,ko:K12661;ko:K01805;ko:K00008;ko:K00064;ko:K18333;ko:K19291;ko:K07046;ko:K00847;ko:K01795;ko:K03841,ko00051,Fructose and mannose metabolism,2_vs_0,Pseudomonas1
9,prerank,ko00543,0.7450783954256354,1.786672951525374,0.007858546168958742,0.025697781813058658,0.194,6/10,17.61%,ko:K20999;ko:K03818;ko:K21001;ko:K21002;ko:K19291;ko:K20997,ko00543,Exopolysaccharide biosynthesis,2_vs_0,Pseudomonas1
10,prerank,ko00500,0.6638508456018096,1.7673282604912395,0.0019723865877712033,0.03071620385062566,0.245,8/15,15.36%,ko:K00978;ko:K16147;ko:K00703;ko:K00700;ko:K06044;ko:K00688;ko:K00963;ko:K00847,ko00500,Starch and sucrose metabolism,2_vs_0,Pseudomonas1
11,prerank,ko00280,0.5940426915199306,1.7161129962801365,0.014311270125223614,0.04937305302045992,0.379,11/20,16.89%,ko:K01969;ko:K00626;ko:K00140;ko:K01782;ko:K00822;ko:K00020;ko:K00263;ko:K01692;ko:K00249;ko:K01968;ko:K00253,ko00280,"Valine, leucine and isoleucine degradation",2_vs_0,Pseudomonas1
12,prerank,ko02020,0.4301031311889514,1.7115077000843362,0.001564945226917058,0.04868668064297437,0.39,37/107,14.36%,ko:K02651;ko:K10942;ko:K10943;ko:K03406;ko:K07684;ko:K03408;ko:K07793;ko:K02650;ko:K03415;ko:K01915;ko:K02259;ko:K00626;ko:K03776;ko:K11690;ko:K02283;ko:K00413;ko:K02405;ko:K02556;ko:K14979;ko:K02282;ko:K01991;ko:K03412;ko:K00406;ko:K03413;ko:K11444;ko:K07665;ko:K12510;ko:K08738;ko:K11689;ko:K02398;ko:K00425;ko:K02406;ko:K03407;ko:K00405;ko:K00412;ko:K00426;ko:K00404,ko02020,Two-component system,2_vs_0,Pseudomonas1
13,prerank,ko04714,0.7906164170943636,1.69643091275543,0.00823045267489712,0.04861956867717579,0.436,5/7,13.45%,ko:K02258;ko:K02257;ko:K02259;ko:K00413;ko:K00412,ko04714,Thermogenesis,2_vs_0,Pseudomonas1
14,prerank,ko00195,-0.832190038251433,-1.8815969661747716,0.003992015968063872,0.012136019775518047,0.042,6/8,8.53%,ko:K02112;ko:K02114;ko:K02115;ko:K02110;ko:K02113;ko:K02111,ko00195,Photosynthesis,2_vs_0,Pseudomonas1
15,prerank,ko00550,-0.6681635005108282,-1.9807129883427084,0.0,0.004353137528174952,0.011,9/21,8.91%,ko:K03587;ko:K01928;ko:K03588;ko:K01929;ko:K01000;ko:K02563;ko:K01925;ko:K05837;ko:K01924,ko00550,Peptidoglycan biosynthesis,2_vs_0,Pseudomonas1
16,prerank,ko03010,-0.6258911943360896,-2.393025240524003,0.0,0.0,0.0,30/52,22.99%,ko:K02935;ko:K02954;ko:K02895;ko:K02864;ko:K02931;ko:K02874;ko:K02890;ko:K02878;ko:K02982;ko:K02904;ko:K02961;ko:K02879;ko:K02939;ko:K02956;ko:K02986;ko:K02965;ko:K02907;ko:K02897;ko:K02952;ko:K02892;ko:K02948;ko:K02899;ko:K02992;ko:K02902;ko:K02884;ko:K02963;ko:K02876;ko:K02945;ko:K02887;ko:K02967,ko03010,Ribosome,2_vs_0,Pseudomonas1
0,prerank,ko03070,0.5547984223534603,2.317310634893783,0.0,0.0,0.0,22/42,10.13%,ko:K02458;ko:K02456;ko:K11906;ko:K03227;ko:K03226;ko:K03222;ko:K02459;ko:K02460;ko:K02462;ko:K03224;ko:K11892;ko:K02454;ko:K11907;ko:K11904;ko:K03223;ko:K03219;ko:K03228;ko:K02453;ko:K03230;ko:K11891;ko:K02461;ko:K02457,ko03070,Bacterial secretion system,7_vs_0,Pseudomonas1
1,prerank,ko00364,0.8437021723325104,2.094179633045381,0.0,0.008442677269715045,0.013,7/8,12.17%,ko:K05783;ko:K05550;ko:K20807;ko:K03381;ko:K05549;ko:K01061;ko:K01721,ko00364,Fluorobenzoate degradation,7_vs_0,Pseudomonas1
2,prerank,ko00643,0.8220047606453318,2.063186514996335,0.0028653295128939827,0.006061409321846698,0.014,8/8,17.97%,ko:K20807;ko:K00451;ko:K01426;ko:K01555;ko:K01721;ko:K01502;ko:K01501;ko:K16171,ko00643,Styrene degradation,7_vs_0,Pseudomonas1
3,prerank,ko00362,0.5773252719255493,1.9584854954601807,0.008097165991902834,0.016235917826375085,0.043,10/21,10.69%,ko:K05783;ko:K05550;ko:K01857;ko:K00074;ko:K00449;ko:K03381;ko:K01692;ko:K01607;ko:K00626;ko:K05549,ko00362,Benzoate degradation,7_vs_0,Pseudomonas1
4,prerank,ko00627,0.690240128604216,1.891219541747668,0.005649717514124294,0.024938369781312128,0.086,7/10,13.06%,ko:K20807;ko:K03863;ko:K01692;ko:K15054;ko:K01426;ko:K01721;ko:K01501,ko00627,Aminobenzoate degradation,7_vs_0,Pseudomonas1
5,prerank,ko00440,0.7198109951186697,1.8842997731552267,0.005649717514124294,0.022080848243870112,0.092,7/9,16.52%,ko:K03823;ko:K06164;ko:K05306;ko:K06162;ko:K06163;ko:K06166;ko:K06165,ko00440,Phosphonate and phosphinate metabolism,7_vs_0,Pseudomonas1
6,prerank,ko00543,0.6250355578789468,1.8255227991970195,0.009174311926605505,0.03673956262425447,0.166,10/13,30.67%,ko:K20999;ko:K03818;ko:K21001;ko:K21002;ko:K19291;ko:K03606;ko:K19294;ko:K19293;ko:K19296;ko:K19295,ko00543,Exopolysaccharide biosynthesis,7_vs_0,Pseudomonas1
7,prerank,ko00630,0.46067798552610323,1.8160173870217775,0.0043859649122807015,0.03458250497017893,0.177,17/34,25.13%,ko:K01816;ko:K07248;ko:K00830;ko:K12972;ko:K01915;ko:K07246;ko:K01608;ko:K00123;ko:K00626;ko:K00127;ko:K00104;ko:K07749;ko:K03781;ko:K00865;ko:K11472;ko:K11473;ko:K00124,ko00630,Glyoxylate and dicarboxylate metabolism,7_vs_0,Pseudomonas1
8,prerank,ko01220,0.5371568036194868,1.793580029901848,0.01020408163265306,0.03838892570502908,0.218,7/18,10.69%,ko:K05783;ko:K05550;ko:K01857;ko:K00449;ko:K03381;ko:K01607;ko:K05549,ko01220,Degradation of aromatic compounds,7_vs_0,Pseudomonas1
9,prerank,ko00190,-0.5380385999133173,-1.7899353725115696,0.0,0.015591900311526479,0.134,18/49,18.90%,ko:K00241;ko:K00242;ko:K02110;ko:K02113;ko:K02112;ko:K02115;ko:K02297;ko:K02111;ko:K02300;ko:K00239;ko:K02114;ko:K02108;ko:K00240;ko:K01507;ko:K00330;ko:K02109;ko:K00331;ko:K00937,ko00190,Oxidative phosphorylation,7_vs_0,Pseudomonas1
10,prerank,ko00720,-0.6386579447631737,-1.8565264780817268,0.001326259946949602,0.006604361370716511,0.051,9/23,11.40%,ko:K00241;ko:K00242;ko:K01902;ko:K00239;ko:K01962;ko:K01961;ko:K00240;ko:K01682;ko:K02160,ko00720,Other carbon fixation pathways,7_vs_0,Pseudomonas1
11,prerank,ko00195,-0.8386924753834316,-1.8659615173838586,0.0,0.006396677050882658,0.042,7/8,9.95%,ko:K02110;ko:K02113;ko:K02112;ko:K02115;ko:K02111;ko:K02114;ko:K02108,ko00195,Photosynthesis,7_vs_0,Pseudomonas1
12,prerank,ko03018,-0.7152075245485457,-1.8986415323054808,0.001443001443001443,0.004186915887850468,0.024,12/16,24.57%,ko:K03666;ko:K04043;ko:K04077;ko:K00962;ko:K03628;ko:K08311;ko:K01689;ko:K00937;ko:K08300;ko:K12573;ko:K00970;ko:K03732,ko03018,RNA degradation,7_vs_0,Pseudomonas1
13,prerank,ko03060,-0.7515327226220812,-1.9093443234320895,0.003048780487804878,0.0043613707165109025,0.02,11/14,19.13%,ko:K03076;ko:K03100;ko:K03210;ko:K03072;ko:K03217;ko:K03073;ko:K03101;ko:K03071;ko:K03070;ko:K03074;ko:K03106,ko03060,Protein export,7_vs_0,Pseudomonas1
14,prerank,ko00240,-0.6557447253965525,-1.9401000181762866,0.0,0.00407061266874351,0.014,18/29,22.59%,ko:K01520;ko:K09913;ko:K07043;ko:K00945;ko:K00940;ko:K16066;ko:K09903;ko:K01956;ko:K01465;ko:K06966;ko:K00560;ko:K00525;ko:K01494;ko:K00761;ko:K00762;ko:K01955;ko:K00526;ko:K01937,ko00240,Pyrimidine metabolism,7_vs_0,Pseudomonas1
15,prerank,ko00020,-0.6923867514591089,-2.014964384980134,0.0,0.0004361370716510903,0.001,11/23,15.44%,ko:K00241;ko:K00242;ko:K01902;ko:K01647;ko:K00239;ko:K00240;ko:K01682;ko:K00164;ko:K00163;ko:K01610;ko:K00658,ko00020,Citrate cycle (TCA cycle),7_vs_0,Pseudomonas1
16,prerank,ko03010,-0.8687145074019866,-2.9185973512625654,0.0,0.0,0.0,48/53,11.51%,ko:K02874;ko:K02992;ko:K02890;ko:K02988;ko:K02954;ko:K02931;ko:K02935;ko:K02952;ko:K02906;ko:K02895;ko:K02864;ko:K02892;ko:K02986;ko:K02933;ko:K02907;ko:K02945;ko:K02916;ko:K02968;ko:K02904;ko:K02950;ko:K02902;ko:K02994;ko:K02876;ko:K02888;ko:K02959;ko:K02967;ko:K02965;ko:K02982;ko:K02961;ko:K02948;ko:K02881;ko:K02863;ko:K02990;ko:K02926;ko:K02878;ko:K02867;ko:K02946;ko:K02871;ko:K02879;ko:K02887;ko:K02897;ko:K02956;ko:K02911;ko:K02886;ko:K02899;ko:K02939;ko:K02963;ko:K02884,ko03010,Ribosome,7_vs_0,Pseudomonas1
0,prerank,ko00280,0.8376714249972479,2.390128574559451,0.0,0.0,0.0,19/24,11.33%,ko:K00253;ko:K01782;ko:K01029;ko:K01028;ko:K00249;ko:K00128;ko:K00140;ko:K01969;ko:K13766;ko:K00626;ko:K00632;ko:K00020;ko:K01968;ko:K01692;ko:K00382;ko:K00248;ko:K09699;ko:K01640;ko:K00167,ko00280,"Valine, leucine and isoleucine degradation",1_vs_0,Pseudomonas2
1,prerank,ko00260,0.7234514271837316,2.274844121528657,0.0,0.0,0.0,10/38,1.89%,ko:K00600;ko:K21833;ko:K00302;ko:K00304;ko:K00479;ko:K00303;ko:K21834;ko:K21832;ko:K00305;ko:K01752,ko00260,"Glycine, serine and threonine metabolism",1_vs_0,Pseudomonas2
2,prerank,ko00071,0.837820396138224,2.1044808993682875,0.0,0.00035633073118128324,0.001,12/14,10.63%,ko:K01782;ko:K00249;ko:K00128;ko:K00121;ko:K06445;ko:K00626;ko:K01897;ko:K00252;ko:K00632;ko:K01692;ko:K00496;ko:K00248,ko00071,Fatty acid degradation,1_vs_0,Pseudomonas2
3,prerank,ko00410,0.8032907162730344,1.970766052572621,0.001869158878504673,0.0037414726774034745,0.013,9/12,10.63%,ko:K01464;ko:K06016;ko:K17723;ko:K17722;ko:K01782;ko:K00128;ko:K00140;ko:K01692;ko:K00248,ko00410,beta-Alanine metabolism,1_vs_0,Pseudomonas2
4,prerank,ko02010,0.5237958707897442,1.9663672542422894,0.0,0.0029931781419227795,0.013,26/104,8.99%,ko:K02002;ko:K02000;ko:K17321;ko:K17213;ko:K17215;ko:K17325;ko:K01995;ko:K11963;ko:K01997;ko:K17324;ko:K01996;ko:K01998;ko:K02001;ko:K17323;ko:K10227;ko:K17205;ko:K01999;ko:K17322;ko:K17214;ko:K11962;ko:K10543;ko:K10544;ko:K10537;ko:K11073;ko:K12368;ko:K09969,ko02010,ABC transporters,1_vs_0,Pseudomonas2
5,prerank,ko00680,0.6788111811720984,1.895167368468703,0.001718213058419244,0.008373772182760158,0.046,5/21,7.18%,ko:K00600;ko:K00148;ko:K01895;ko:K00121;ko:K01070,ko00680,Methane metabolism,1_vs_0,Pseudomonas2
6,prerank,ko00562,0.8033226190608845,1.8787808321746895,0.0035778175313059034,0.009773642912400913,0.061,7/10,3.93%,ko:K00010;ko:K03338;ko:K03337;ko:K03335;ko:K03336;ko:K06606;ko:K00140,ko00562,Inositol phosphate metabolism,1_vs_0,Pseudomonas2
7,prerank,ko00907,0.873046875,1.8669142766627977,0.0,0.009888177790280612,0.07,8/8,12.89%,ko:K01782;ko:K13779;ko:K00632;ko:K01692;ko:K13774;ko:K11731;ko:K01640;ko:K13778,ko00907,"Pinene, camphor and geraniol degradation",1_vs_0,Pseudomonas2
8,prerank,ko00380,0.703131155125115,1.827477442523786,0.0033500837520938024,0.015440998351188942,0.118,7/16,9.58%,ko:K01426;ko:K01782;ko:K00128;ko:K00626;ko:K00252;ko:K01692;ko:K00382,ko00380,Tryptophan metabolism,1_vs_0,Pseudomonas2
9,prerank,ko00310,0.751863058746727,1.794444153887518,0.008912655971479501,0.021379843870876995,0.174,7/11,9.58%,ko:K01782;ko:K00128;ko:K01843;ko:K00626;ko:K00252;ko:K01692;ko:K00382,ko00310,Lysine degradation,1_vs_0,Pseudomonas2
10,prerank,ko00910,0.7283902660760798,1.7917288959610773,0.0034904013961605585,0.020213670568829157,0.179,5/13,7.41%,ko:K02575;ko:K00372;ko:K00363;ko:K00926;ko:K00459,ko00910,Nitrogen metabolism,1_vs_0,Pseudomonas2
11,prerank,ko02030,0.6697567224930238,1.7714679833438924,0.0017241379310344827,0.02378507630635066,0.221,9/17,22.44%,ko:K03406;ko:K12368;ko:K03415;ko:K03412;ko:K02556;ko:K02410;ko:K03776;ko:K03408;ko:K00575,ko02030,Bacterial chemotaxis,1_vs_0,Pseudomonas2
12,prerank,ko02020,0.46264005755405746,1.7443101703323596,0.001321003963011889,0.029767321081759508,0.289,43/118,19.38%,ko:K02651;ko:K03406;ko:K02283;ko:K02280;ko:K07346;ko:K20978;ko:K18093;ko:K00626;ko:K20977;ko:K02279;ko:K02282;ko:K00425;ko:K00426;ko:K12510;ko:K12511;ko:K11688;ko:K00412;ko:K07679;ko:K00406;ko:K07794;ko:K07347;ko:K07782;ko:K08083;ko:K03415;ko:K00407;ko:K07790;ko:K00405;ko:K00404;ko:K14979;ko:K03412;ko:K00411;ko:K20976;ko:K03563;ko:K02556;ko:K00413;ko:K03776;ko:K02405;ko:K13491;ko:K11384;ko:K07660;ko:K02406;ko:K20973;ko:K02106,ko02020,Two-component system,1_vs_0,Pseudomonas2
13,prerank,ko02024,0.5479991742988123,1.7394512566894298,0.0060790273556231,0.028557362884671415,0.295,16/38,13.86%,ko:K01995;ko:K01997;ko:K01996;ko:K01998;ko:K01999;ko:K01897;ko:K02055;ko:K02035;ko:K01626;ko:K07782;ko:K02052;ko:K18100;ko:K02053;ko:K19734;ko:K02054;ko:K09823,ko02024,Quorum sensing,1_vs_0,Pseudomonas2
14,prerank,ko02025,0.5218238718151765,1.7192531314161263,0.003048780487804878,0.032283564245024265,0.342,22/48,21.97%,ko:K20978;ko:K21000;ko:K20987;ko:K20998;ko:K20977;ko:K21003;ko:K21001;ko:K21002;ko:K18100;ko:K11901;ko:K11900;ko:K20976;ko:K03563;ko:K11893;ko:K02405;ko:K20997;ko:K13491;ko:K11903;ko:K20973;ko:K11915;ko:K20999;ko:K11907,ko02025,Biofilm formation - Pseudomonas aeruginosa,1_vs_0,Pseudomonas2
15,prerank,ko00630,0.5747809069779615,1.709024924524946,0.006700167504187605,0.03414093818130671,0.37,10/26,18.74%,ko:K00600;ko:K01433;ko:K01895;ko:K00626;ko:K00382;ko:K02437;ko:K01637;ko:K03781;ko:K00605;ko:K01816,ko00630,Glyoxylate and dicarboxylate metabolism,1_vs_0,Pseudomonas2
16,prerank,ko02040,0.5381348290789657,1.708745115325611,0.0030441400304414,0.032258411487529115,0.371,23/42,27.09%,ko:K02420;ko:K02422;ko:K02392;ko:K02424;ko:K02419;ko:K21218;ko:K02556;ko:K02410;ko:K02405;ko:K02407;ko:K02400;ko:K02408;ko:K02409;ko:K02406;ko:K02390;ko:K02394;ko:K02391;ko:K02412;ko:K02393;ko:K02414;ko:K02418;ko:K02398;ko:K02387,ko02040,Flagellar assembly,1_vs_0,Pseudomonas2
17,prerank,ko00625,0.8795416378323038,1.696164386147831,0.0,0.03527674238694705,0.406,3/5,4.43%,ko:K00148;ko:K00128;ko:K00121,ko00625,Chloroalkane and chloroalkene degradation,1_vs_0,Pseudomonas2
18,prerank,ko05208,0.8077139561785112,1.678789583804128,0.008113590263691683,0.04095927983683803,0.482,6/7,16.90%,ko:K00799;ko:K00412;ko:K04564;ko:K00411;ko:K00413;ko:K03781,ko05208,Chemical carcinogenesis - reactive oxygen species,1_vs_0,Pseudomonas2
19,prerank,ko00040,0.6949915052649572,1.6742466502469902,0.019642857142857142,0.04083550179337506,0.498,7/12,18.76%,ko:K01805;ko:K22185;ko:K00008;ko:K13877;ko:K14274;ko:K00854;ko:K00065,ko00040,Pentose and glucuronate interconversions,1_vs_0,Pseudomonas2
20,prerank,ko03070,-0.48476358147222265,-1.8438961266438936,0.0029498525073746312,0.026259512571043253,0.082,22/43,27.00%,ko:K03217;ko:K02460;ko:K02457;ko:K03076;ko:K03071;ko:K03072;ko:K02458;ko:K03210;ko:K11017;ko:K03106;ko:K11016;ko:K03223;ko:K03228;ko:K02459;ko:K03227;ko:K03074;ko:K03219;ko:K03070;ko:K03222;ko:K02462;ko:K03230;ko:K02455,ko03070,Bacterial secretion system,1_vs_0,Pseudomonas2
21,prerank,ko03060,-0.6701906939187176,-1.887940075025675,0.0024937655860349127,0.021732010403622003,0.045,7/14,16.15%,ko:K03217;ko:K03076;ko:K03071;ko:K03072;ko:K03210;ko:K03106;ko:K03074,ko03060,Protein export,1_vs_0,Pseudomonas2
22,prerank,ko03010,-0.8375125560951708,-3.225673260547143,0.0,0.0,0.0,48/52,13.59%,ko:K02935;ko:K02907;ko:K02895;ko:K02864;ko:K02897;ko:K02967;ko:K02874;ko:K02890;ko:K02996;ko:K02933;ko:K02899;ko:K02876;ko:K02959;ko:K02871;ko:K02888;ko:K02904;ko:K02954;ko:K02982;ko:K02948;ko:K02988;ko:K02950;ko:K02990;ko:K02961;ko:K02892;ko:K02931;ko:K02945;ko:K02986;ko:K02939;ko:K02902;ko:K02926;ko:K02965;ko:K02968;ko:K02970;ko:K02878;ko:K02992;ko:K02911;ko:K02884;ko:K02886;ko:K02994;ko:K02906;ko:K02963;ko:K02881;ko:K02867;ko:K02879;ko:K02946;ko:K02863;ko:K02952;ko:K02913,ko03010,Ribosome,1_vs_0,Pseudomonas2
0,prerank,ko02040,0.7352946859240536,2.6160598520664857,0.0,0.0,0.0,21/42,6.79%,ko:K02408;ko:K02400;ko:K02409;ko:K02415;ko:K02410;ko:K02416;ko:K02417;ko:K02419;ko:K02420;ko:K02391;ko:K10943;ko:K02392;ko:K02411;ko:K02412;ko:K02394;ko:K02393;ko:K02421;ko:K02405;ko:K02387;ko:K02418;ko:K02413,ko02040,Flagellar assembly,2_vs_0,Pseudomonas2
1,prerank,ko00040,0.8305584547901508,2.1265069096137506,0.0,0.0006536897152818129,0.001,6/12,7.02%,ko:K13877;ko:K14274;ko:K22185;ko:K01805;ko:K00008;ko:K00854,ko00040,Pentose and glucuronate interconversions,2_vs_0,Pseudomonas2
2,prerank,ko00280,0.6630671259844101,2.0479602408901685,0.0,0.00305055200464846,0.007,14/24,17.98%,ko:K09699;ko:K00167;ko:K00382;ko:K00166;ko:K00249;ko:K01782;ko:K00626;ko:K00020;ko:K00140;ko:K13766;ko:K01969;ko:K01692;ko:K00263;ko:K01907,ko00280,"Valine, leucine and isoleucine degradation",2_vs_0,Pseudomonas2
3,prerank,ko04714,0.891213389121339,1.9479276218719421,0.0,0.009478500871586288,0.028,7/7,11.05%,ko:K02258;ko:K02259;ko:K00412;ko:K02257;ko:K01897;ko:K00411;ko:K00413,ko04714,Thermogenesis,2_vs_0,Pseudomonas2
4,prerank,ko02020,0.45868717114166907,1.9457745738021424,0.0,0.007844276583381753,0.029,35/118,13.08%,ko:K02651;ko:K07346;ko:K02283;ko:K10942;ko:K01915;ko:K02280;ko:K07347;ko:K03406;ko:K10943;ko:K00426;ko:K00626;ko:K00407;ko:K00406;ko:K20977;ko:K02259;ko:K00412;ko:K02282;ko:K00405;ko:K02405;ko:K07794;ko:K00425;ko:K20978;ko:K07679;ko:K12511;ko:K12510;ko:K00404;ko:K00411;ko:K11688;ko:K07782;ko:K01545;ko:K00413;ko:K20976;ko:K07662;ko:K02279;ko:K13489,ko02020,Two-component system,2_vs_0,Pseudomonas2
5,prerank,ko02025,0.5276094926163613,1.9007937094731353,0.0,0.011766414875072633,0.052,25/48,26.17%,ko:K21000;ko:K20998;ko:K20987;ko:K21001;ko:K21003;ko:K20977;ko:K21002;ko:K02405;ko:K20978;ko:K20999;ko:K21004;ko:K20976;ko:K13489;ko:K11891;ko:K11915;ko:K13488;ko:K18101;ko:K11903;ko:K11893;ko:K11895;ko:K11900;ko:K18100;ko:K11901;ko:K07678;ko:K21023,ko02025,Biofilm formation - Pseudomonas aeruginosa,2_vs_0,Pseudomonas2
6,prerank,ko00543,0.7003944777924369,1.8499338810426227,0.0,0.01923715447829335,0.097,6/14,6.63%,ko:K03818;ko:K21001;ko:K21002;ko:K00640;ko:K20999;ko:K11936,ko00543,Exopolysaccharide biosynthesis,2_vs_0,Pseudomonas2
7,prerank,ko05111,0.5907214748777198,1.8047075896614297,0.0,0.02827208018593841,0.157,16/25,24.92%,ko:K10942;ko:K10943;ko:K02463;ko:K02405;ko:K00640;ko:K02454;ko:K03087;ko:K02462;ko:K02461;ko:K02459;ko:K02458;ko:K02457;ko:K03557;ko:K02453;ko:K02456;ko:K07678,ko05111,Biofilm formation - Vibrio cholerae,2_vs_0,Pseudomonas2
8,prerank,ko05415,0.8213962920315742,1.7823652767369995,0.002053388090349076,0.03166763509587449,0.189,5/7,11.05%,ko:K00412;ko:K00134;ko:K00411;ko:K00820;ko:K00413,ko05415,Diabetic cardiomyopathy,2_vs_0,Pseudomonas2
9,prerank,ko00071,0.6536005605070478,1.758906778978744,0.007462686567164179,0.037129575828006973,0.239,7/14,7.88%,ko:K00249;ko:K01782;ko:K00626;ko:K00496;ko:K06445;ko:K00252;ko:K01897,ko00071,Fatty acid degradation,2_vs_0,Pseudomonas2
10,prerank,ko00470,0.5983658191781481,1.7323105824408598,0.006276150627615063,0.045401722043209546,0.298,8/17,11.39%,ko:K13877;ko:K21062;ko:K21060;ko:K01775;ko:K12658;ko:K01779;ko:K00285;ko:K01753,ko00470,D-Amino acid metabolism,2_vs_0,Pseudomonas2
11,prerank,ko00541,-0.5984279891406432,-1.6735345169595035,0.014414414414414415,0.048467985710359984,0.421,3/18,1.09%,ko:K13016;ko:K13018;ko:K13015,ko00541,Biosynthesis of various nucleotide sugars,2_vs_0,Pseudomonas2
12,prerank,ko03018,-0.6410621959376821,-1.683361253311247,0.009041591320072333,0.04880167235896832,0.389,5/15,10.19%,ko:K04077;ko:K04043;ko:K08300;ko:K08311;ko:K00962,ko03018,RNA degradation,2_vs_0,Pseudomonas2
13,prerank,ko00020,-0.6007599343741378,-1.707038436170641,0.005405405405405406,0.04236628699295051,0.32,14/20,19.01%,ko:K01902;ko:K01959;ko:K00658;ko:K00627;ko:K00163;ko:K00164;ko:K01647;ko:K01659;ko:K01960;ko:K00031;ko:K00240;ko:K01682;ko:K00239;ko:K01676,ko00020,Citrate cycle (TCA cycle),2_vs_0,Pseudomonas2
14,prerank,ko04626,-0.9025782419587614,-1.7380170888931423,0.0017921146953405018,0.03441143563773408,0.239,4/5,7.99%,ko:K02358;ko:K04079;ko:K00864;ko:K02406,ko04626,Plant-pathogen interaction,2_vs_0,Pseudomonas2
15,prerank,ko00660,-0.8344884125169012,-1.8085817065921121,0.0,0.016817807089859853,0.107,5/7,8.69%,ko:K01653;ko:K01703;ko:K01704;ko:K01902;ko:K00052,ko00660,C5-Branched dibasic acid metabolism,2_vs_0,Pseudomonas2
16,prerank,ko00290,-0.7297137966039371,-1.8342807925016795,0.0018587360594795538,0.015203597927217052,0.079,4/12,1.06%,ko:K01653;ko:K00053;ko:K01703;ko:K01704,ko00290,"Valine, leucine and isoleucine biosynthesis",2_vs_0,Pseudomonas2
17,prerank,ko00195,-0.8513696218425728,-1.8729025924584288,0.0,0.01126192439053115,0.045,5/8,2.53%,ko:K02114;ko:K02112;ko:K02115;ko:K02113;ko:K02111,ko00195,Photosynthesis,2_vs_0,Pseudomonas2
18,prerank,ko03060,-0.7146793612939603,-1.9216571052008051,0.0,0.007883347073371806,0.021,9/14,23.05%,ko:K03076;ko:K03101;ko:K03074;ko:K03071;ko:K03210;ko:K03072;ko:K03217;ko:K03117;ko:K03070,ko03060,Protein export,2_vs_0,Pseudomonas2
19,prerank,ko03010,-0.738325082207363,-2.6155475500401044,0.0,0.0,0.0,37/52,17.71%,ko:K02935;ko:K02895;ko:K02864;ko:K02874;ko:K02890;ko:K02954;ko:K02904;ko:K02931;ko:K02961;ko:K02982;ko:K02878;ko:K02907;ko:K02965;ko:K02876;ko:K02986;ko:K02892;ko:K02879;ko:K02897;ko:K02939;ko:K02886;ko:K02948;ko:K02963;ko:K02990;ko:K02899;ko:K02884;ko:K02945;ko:K02968;ko:K02902;ko:K02867;ko:K02926;ko:K02952;ko:K02992;ko:K02888;ko:K02988;ko:K02916;ko:K02950;ko:K02863,ko03010,Ribosome,2_vs_0,Pseudomonas2
0,prerank,ko02040,0.7368249791087524,2.756742656057753,0.0,0.0,0.0,21/42,3.63%,ko:K02408;ko:K02400;ko:K02409;ko:K02415;ko:K02416;ko:K02410;ko:K02391;ko:K02417;ko:K02420;ko:K02419;ko:K10943;ko:K02418;ko:K02392;ko:K02411;ko:K02412;ko:K02393;ko:K02421;ko:K02394;ko:K02405;ko:K02413;ko:K02387,ko02040,Flagellar assembly,3_vs_0,Pseudomonas2
1,prerank,ko05111,0.69262553721545,2.3175640856226396,0.0,0.0005331888187682464,0.001,15/25,13.90%,ko:K10942;ko:K10943;ko:K02458;ko:K02463;ko:K02462;ko:K02457;ko:K02405;ko:K02454;ko:K02459;ko:K02461;ko:K02460;ko:K02453;ko:K00640;ko:K02455;ko:K03557,ko05111,Biofilm formation - Vibrio cholerae,3_vs_0,Pseudomonas2
2,prerank,ko00280,0.679016272976878,2.2195498361211907,0.0,0.0003554592125121643,0.001,13/24,10.22%,ko:K00382;ko:K09699;ko:K00166;ko:K00167;ko:K00140;ko:K13766;ko:K00249;ko:K00020;ko:K00626;ko:K01969;ko:K01782;ko:K01907;ko:K01968,ko00280,"Valine, leucine and isoleucine degradation",3_vs_0,Pseudomonas2
3,prerank,ko00562,0.7458635229672173,1.9361631101600434,0.002109704641350211,0.0077312378721395725,0.029,8/10,16.44%,ko:K00140;ko:K03336;ko:K00010;ko:K03337;ko:K06606;ko:K03335;ko:K01083;ko:K03338,ko00562,Inositol phosphate metabolism,3_vs_0,Pseudomonas2
4,prerank,ko00071,0.6883094034929349,1.913932493119908,0.0,0.008531021100291943,0.04,7/14,8.30%,ko:K00252;ko:K00249;ko:K01897;ko:K00626;ko:K06445;ko:K01782;ko:K13954,ko00071,Fatty acid degradation,3_vs_0,Pseudomonas2
5,prerank,ko00040,0.6887360672240882,1.8276862179963287,0.002145922746781116,0.02310484881329068,0.122,8/12,22.46%,ko:K13877;ko:K14274;ko:K00854;ko:K00008;ko:K01805;ko:K00065;ko:K00012;ko:K22185,ko00040,Pentose and glucuronate interconversions,3_vs_0,Pseudomonas2
6,prerank,ko03010,-0.5146177857911224,-1.9166476003068955,0.0,0.016333064830716698,0.049,16/52,17.48%,ko:K02935;ko:K02895;ko:K02874;ko:K02864;ko:K02931;ko:K02961;ko:K02904;ko:K02954;ko:K02907;ko:K02982;ko:K02890;ko:K02878;ko:K02948;ko:K02897;ko:K02965;ko:K02986,ko03010,Ribosome,3_vs_0,Pseudomonas2
7,prerank,ko00290,-0.7363661462520033,-1.9197719140546274,0.0,0.023557305044302933,0.047,6/12,8.22%,ko:K01653;ko:K00053;ko:K01703;ko:K01704;ko:K00052;ko:K01687,ko00290,"Valine, leucine and isoleucine biosynthesis",3_vs_0,Pseudomonas2
8,prerank,ko00195,-0.8526927792521694,-2.0001463784771034,0.0,0.011307506421265408,0.012,5/8,5.49%,ko:K02114;ko:K02112;ko:K02115;ko:K02113;ko:K02111,ko00195,Photosynthesis,3_vs_0,Pseudomonas2
0,prerank,ko00040,0.79571570108602,1.7542409494499087,0.0,0.04341503656371034,0.043,10/15,14.42%,ko:K00854;ko:K01805;ko:K01812;ko:K01728;ko:K01686;ko:K01195;ko:K01804;ko:K01051;ko:K01815;ko:K01820,ko00040,Pentose and glucuronate interconversions,2_vs_0,Flavobacterium
0,prerank,ko00500,0.772877486824566,2.123517341555214,0.0,0.0,0.0,16/25,16.95%,ko:K02760;ko:K00688;ko:K00705;ko:K02761;ko:K01176;ko:K01193;ko:K00700;ko:K00975;ko:K00847;ko:K00703;ko:K05349;ko:K00690;ko:K02759;ko:K00697;ko:K01194;ko:K06044,ko00500,Starch and sucrose metabolism,1_vs_0,Rahnella
1,prerank,ko00052,0.7277218109804551,1.8547469583101843,0.0,0.011685393258426966,0.026,9/18,12.40%,ko:K12308;ko:K01193;ko:K07407;ko:K01804;ko:K01785;ko:K00849;ko:K01784;ko:K00965;ko:K01190,ko00052,Galactose metabolism,1_vs_0,Rahnella
2,prerank,ko00051,0.7122725616447555,1.842547733411567,0.0,0.008903156768325307,0.03,8/19,11.71%,ko:K01805;ko:K02783;ko:K18333;ko:K01813;ko:K07046;ko:K01629;ko:K00847;ko:K02796,ko00051,Fructose and mannose metabolism,1_vs_0,Rahnella
3,prerank,ko02060,0.7964276958199161,1.837035719916394,0.0,0.007303370786516854,0.033,7/11,12.21%,ko:K02822;ko:K02760;ko:K02821;ko:K02783;ko:K02761;ko:K02796;ko:K02759,ko02060,Phosphotransferase system (PTS),1_vs_0,Rahnella
4,prerank,ko02010,0.5253421411706748,1.7942611661594485,0.0,0.014189406099518458,0.078,37/114,16.68%,ko:K10111;ko:K15578;ko:K15577;ko:K10543;ko:K13889;ko:K11959;ko:K15772;ko:K10537;ko:K01999;ko:K11963;ko:K01998;ko:K10110;ko:K13891;ko:K01995;ko:K10555;ko:K02010;ko:K11962;ko:K10541;ko:K13890;ko:K10560;ko:K11960;ko:K01997;ko:K10558;ko:K05845;ko:K06726;ko:K09970;ko:K02012;ko:K01996;ko:K11073;ko:K12541;ko:K10001;ko:K15580;ko:K10002;ko:K02020;ko:K10017;ko:K10439;ko:K10561,ko02010,ABC transporters,1_vs_0,Rahnella
5,prerank,ko00910,0.7350261742004824,1.7781294550972677,0.0014326647564469914,0.014606741573033707,0.096,4/14,0.99%,ko:K15578;ko:K15577;ko:K00362;ko:K00372,ko00910,Nitrogen metabolism,1_vs_0,Rahnella
6,prerank,ko00020,0.646645676388567,1.7392364905804092,0.005249343832020997,0.02432469617060307,0.176,15/22,19.26%,ko:K00024;ko:K01679;ko:K01681;ko:K01902;ko:K01903;ko:K00240;ko:K00244;ko:K00241;ko:K00242;ko:K00658;ko:K01647;ko:K00239;ko:K01610;ko:K00164;ko:K00031,ko00020,Citrate cycle (TCA cycle),1_vs_0,Rahnella
7,prerank,ko02024,0.5348575783625005,1.714258384665438,0.0,0.032134831460674154,0.253,21/56,15.86%,ko:K02035;ko:K02031;ko:K01999;ko:K02033;ko:K02032;ko:K01998;ko:K02055;ko:K02034;ko:K11530;ko:K01995;ko:K10555;ko:K07782;ko:K02054;ko:K01997;ko:K10558;ko:K07781;ko:K01996;ko:K01897;ko:K15580;ko:K11531;ko:K02053,ko02024,Quorum sensing,1_vs_0,Rahnella
8,prerank,ko00071,0.7425903855950172,1.67052371192274,0.016975308641975308,0.048967362225789186,0.378,7/10,18.49%,ko:K06445;ko:K00632;ko:K01782;ko:K01897;ko:K04072;ko:K00001;ko:K13953,ko00071,Fatty acid degradation,1_vs_0,Rahnella
9,prerank,ko03440,-0.5175858310724879,-1.7532389089152374,0.00816326530612245,0.03838082065467958,0.211,22/23,48.12%,ko:K02339;ko:K03655;ko:K01159;ko:K03550;ko:K07462;ko:K03629;ko:K02337;ko:K04066;ko:K03584;ko:K02341;ko:K02340;ko:K02335;ko:K03111;ko:K03553;ko:K06187;ko:K03582;ko:K02338;ko:K02343;ko:K04067;ko:K02345;ko:K03583;ko:K03551,ko03440,Homologous recombination,1_vs_0,Rahnella
10,prerank,ko03070,-0.5104473272831951,-1.7697907918948297,0.008658008658008658,0.036755186721991705,0.179,16/24,35.86%,ko:K03076;ko:K03217;ko:K03075;ko:K03074;ko:K03072;ko:K02455;ko:K13301;ko:K03117;ko:K03070;ko:K03106;ko:K03210;ko:K03073;ko:K11891;ko:K03118;ko:K02454;ko:K03071,ko03070,Bacterial secretion system,1_vs_0,Rahnella
11,prerank,ko00970,-0.5548574587687117,-1.8728406485973776,0.0,0.014477771191464137,0.07,21/24,29.19%,ko:K01889;ko:K01873;ko:K04567;ko:K01876;ko:K01868;ko:K01886;ko:K01887;ko:K01881;ko:K01885;ko:K01878;ko:K01869;ko:K01879;ko:K01866;ko:K01867;ko:K01872;ko:K01874;ko:K01893;ko:K01892;ko:K01870;ko:K01875;ko:K00604,ko00970,Aminoacyl-tRNA biosynthesis,1_vs_0,Rahnella
12,prerank,ko03060,-0.5737258212057936,-1.8731490623242284,0.0,0.01689073305670816,0.07,15/18,35.86%,ko:K03076;ko:K03217;ko:K03075;ko:K03074;ko:K03072;ko:K03101;ko:K13301;ko:K03117;ko:K03070;ko:K03106;ko:K03210;ko:K03073;ko:K03100;ko:K03118;ko:K03071,ko03060,Protein export,1_vs_0,Rahnella
13,prerank,ko00790,-0.6222866479297383,-1.9316715781687264,0.0,0.011704564315352696,0.041,12/18,27.27%,ko:K01495;ko:K03635;ko:K01497;ko:K01077;ko:K11754;ko:K01633;ko:K00950;ko:K00796;ko:K02619;ko:K01665;ko:K03639;ko:K08310,ko00790,Folate biosynthesis,1_vs_0,Rahnella
14,prerank,ko00920,-0.6237464927765796,-2.023061029385418,0.003424657534246575,0.007493775933609959,0.021,9/20,25.46%,ko:K00651;ko:K01739;ko:K00860;ko:K15555;ko:K00956;ko:K00390;ko:K00957;ko:K00380;ko:K00381,ko00920,Sulfur metabolism,1_vs_0,Rahnella
15,prerank,ko00195,-0.8408028594995877,-2.0296379310070702,0.0,0.009040110650069157,0.019,8/8,16.13%,ko:K02112;ko:K02109;ko:K02115;ko:K02114;ko:K02113;ko:K02108;ko:K02110;ko:K02111,ko00195,Photosynthesis,1_vs_0,Rahnella
16,prerank,ko02040,-0.632108223970484,-2.5193214102719774,0.0,0.0,0.0,36/43,33.91%,ko:K03516;ko:K02408;ko:K02401;ko:K02400;ko:K02418;ko:K02410;ko:K02415;ko:K02386;ko:K02420;ko:K02416;ko:K02395;ko:K02388;ko:K02417;ko:K02409;ko:K02419;ko:K02394;ko:K02421;ko:K02387;ko:K02557;ko:K02393;ko:K02390;ko:K02391;ko:K02556;ko:K02414;ko:K02392;ko:K02389;ko:K02412;ko:K03086;ko:K02403;ko:K02407;ko:K02399;ko:K02396;ko:K02398;ko:K02413;ko:K02405;ko:K02397,ko02040,Flagellar assembly,1_vs_0,Rahnella
17,prerank,ko03010,-0.8450582453455938,-3.4396192602822087,0.0,0.0,0.0,48/52,13.33%,ko:K02961;ko:K02963;ko:K02864;ko:K02879;ko:K02899;ko:K02986;ko:K02890;ko:K02886;ko:K02884;ko:K02871;ko:K02994;ko:K02888;ko:K02881;ko:K02895;ko:K02939;ko:K02931;ko:K02904;ko:K02897;ko:K02902;ko:K02867;ko:K02990;ko:K02906;ko:K02878;ko:K02996;ko:K02863;ko:K02950;ko:K02968;ko:K02876;ko:K02954;ko:K02988;ko:K02965;ko:K02892;ko:K02967;ko:K02926;ko:K02933;ko:K02935;ko:K02874;ko:K02970;ko:K02982;ko:K02907;ko:K02913;ko:K02952;ko:K02914;ko:K02946;ko:K02887;ko:K02959;ko:K02916;ko:K02992,ko03010,Ribosome,1_vs_0,Rahnella
0,prerank,ko00500,0.8104782624183597,2.4405108550696655,0.0,0.0,0.0,14/24,8.62%,ko:K02760;ko:K01176;ko:K00975;ko:K00690;ko:K05349;ko:K02761;ko:K00688;ko:K00703;ko:K00697;ko:K00700;ko:K06044;ko:K01194;ko:K00705;ko:K01087,ko00500,Starch and sucrose metabolism,2_vs_0,Rahnella
1,prerank,ko02026,0.620955131382961,2.076056189128538,0.0,0.0012806602515074439,0.003,11/40,11.94%,ko:K04335;ko:K04334;ko:K04336;ko:K07781;ko:K00975;ko:K00688;ko:K00703;ko:K18968;ko:K07687;ko:K11531;ko:K02425,ko02026,Biofilm formation - Escherichia coli,2_vs_0,Rahnella
2,prerank,ko00040,0.7052989053399716,2.075886710374708,0.0,0.0008537735010049625,0.003,13/23,10.90%,ko:K01805;ko:K01815;ko:K00065;ko:K00854;ko:K08323;ko:K01812;ko:K01686;ko:K01685;ko:K01629;ko:K01804;ko:K01730;ko:K08322;ko:K00040,ko00040,Pentose and glucuronate interconversions,2_vs_0,Rahnella
3,prerank,ko02060,0.7709121823556944,1.9126883494491713,0.0,0.008110848259547145,0.036,7/11,12.86%,ko:K02822;ko:K02760;ko:K02761;ko:K02783;ko:K02821;ko:K02796;ko:K02759,ko02060,Phosphotransferase system (PTS),2_vs_0,Rahnella
4,prerank,ko00051,0.6546042730932614,1.8135597313090008,0.0036101083032490976,0.026637733231354828,0.141,7/19,10.78%,ko:K01805;ko:K18333;ko:K01813;ko:K01629;ko:K02783;ko:K07046;ko:K02796,ko00051,Fructose and mannose metabolism,2_vs_0,Rahnella
5,prerank,ko03060,-0.5850545487889546,-1.7321423277664703,0.008928571428571428,0.04485827356917576,0.259,14/18,29.07%,ko:K03076;ko:K03217;ko:K03210;ko:K03075;ko:K03072;ko:K03074;ko:K03116;ko:K03118;ko:K03070;ko:K03110;ko:K03100;ko:K03117;ko:K03101;ko:K03073,ko03060,Protein export,2_vs_0,Rahnella
6,prerank,ko00920,-0.6045329390446272,-1.75774446867491,0.004149377593360996,0.03844994877357922,0.206,6/19,11.10%,ko:K00651;ko:K01739;ko:K00390;ko:K00380;ko:K00860;ko:K00381,ko00920,Sulfur metabolism,2_vs_0,Rahnella
7,prerank,ko00550,-0.5985639128804534,-1.847883484823565,0.0,0.01495275785639192,0.07,12/23,23.47%,ko:K01000;ko:K01929;ko:K01928;ko:K01925;ko:K19302;ko:K03588;ko:K02563;ko:K01924;ko:K00790;ko:K01921;ko:K03587;ko:K05837,ko00550,Peptidoglycan biosynthesis,2_vs_0,Rahnella
8,prerank,ko00970,-0.6129905742230584,-1.9274962019516735,0.002150537634408602,0.00722392976958155,0.029,20/24,30.51%,ko:K01867;ko:K04567;ko:K01889;ko:K01876;ko:K01879;ko:K01881;ko:K01873;ko:K01885;ko:K01878;ko:K01893;ko:K01872;ko:K01868;ko:K01886;ko:K01866;ko:K01874;ko:K01892;ko:K01887;ko:K01869;ko:K01870;ko:K01875,ko00970,Aminoacyl-tRNA biosynthesis,2_vs_0,Rahnella
9,prerank,ko00195,-0.9075144508670521,-2.04922084832091,0.0,0.0017477249442536009,0.006,8/8,9.49%,ko:K02112;ko:K02109;ko:K02115;ko:K02110;ko:K02113;ko:K02111;ko:K02108;ko:K02114,ko00195,Photosynthesis,2_vs_0,Rahnella
10,prerank,ko02030,-0.786397737367009,-2.2228174342241998,0.0,0.0,0.0,13/17,7.30%,ko:K03413;ko:K05876;ko:K03415;ko:K03408;ko:K02556;ko:K03412;ko:K00575;ko:K02557;ko:K03407;ko:K02410;ko:K02416;ko:K02417;ko:K03414,ko02030,Bacterial chemotaxis,2_vs_0,Rahnella
11,prerank,ko03010,-0.7548621063992893,-2.8240879552382845,0.0,0.0,0.0,40/52,14.76%,ko:K02892;ko:K02963;ko:K02935;ko:K02904;ko:K02890;ko:K02986;ko:K02863;ko:K02878;ko:K02886;ko:K02961;ko:K02926;ko:K02879;ko:K02867;ko:K02965;ko:K02884;ko:K02994;ko:K02864;ko:K02906;ko:K02881;ko:K02902;ko:K02954;ko:K02897;ko:K02982;ko:K02939;ko:K02895;ko:K02988;ko:K02913;ko:K02990;ko:K02967;ko:K02907;ko:K02931;ko:K02959;ko:K02952;ko:K02874;ko:K02933;ko:K02871;ko:K02888;ko:K02946;ko:K02968;ko:K02887,ko03010,Ribosome,2_vs_0,Rahnella
12,prerank,ko02040,-0.8125426319377328,-2.8959621028724976,0.0,0.0,0.0,35/41,14.97%,ko:K02408;ko:K02392;ko:K02418;ko:K02388;ko:K02420;ko:K02396;ko:K02397;ko:K02556;ko:K02387;ko:K02407;ko:K02409;ko:K02401;ko:K02389;ko:K02406;ko:K02390;ko:K02413;ko:K02557;ko:K02423;ko:K02400;ko:K02410;ko:K02415;ko:K02391;ko:K02422;ko:K02395;ko:K02416;ko:K02417;ko:K02398;ko:K02403;ko:K02412;ko:K02393;ko:K02414;ko:K02421;ko:K02394;ko:K02399;ko:K02386,ko02040,Flagellar assembly,2_vs_0,Rahnella
0,prerank,ko00040,0.6470173337843107,2.2362112391238247,0.0,0.0,0.0,20/25,23.26%,ko:K01805;ko:K08323;ko:K00854;ko:K01685;ko:K01812;ko:K01731;ko:K01629;ko:K03079;ko:K08322;ko:K01804;ko:K03078;ko:K01730;ko:K00848;ko:K00853;ko:K01686;ko:K01728;ko:K00040;ko:K00065;ko:K01815;ko:K03077,ko00040,Pentose and glucuronate interconversions,7_vs_0,Rahnella
1,prerank,ko00010,-0.48916928387298286,-1.775641280542519,0.007155635062611807,0.04339751275360275,0.288,18/36,20.90%,ko:K00382;ko:K00163;ko:K00627;ko:K00121;ko:K01689;ko:K01834;ko:K00927;ko:K03841;ko:K01835;ko:K15634;ko:K00845;ko:K01624;ko:K00850;ko:K01792;ko:K01803;ko:K02777;ko:K01810;ko:K01007,ko00010,Glycolysis / Gluconeogenesis,7_vs_0,Rahnella
2,prerank,ko01230,-0.40928881574604037,-1.8349720164,0.0,0.026221877424359972,0.177,48/91,28.30%,ko:K11258;ko:K01953;ko:K01915;ko:K00053;ko:K13498;ko:K01739;ko:K00872;ko:K00052;ko:K12339;ko:K01689;ko:K01834;ko:K14260;ko:K11755;ko:K01735;ko:K00600;ko:K00927;ko:K00031;ko:K01653;ko:K00265;ko:K01696;ko:K00826;ko:K00215;ko:K01682;ko:K00948;ko:K15634;ko:K00800;ko:K00928;ko:K01624;ko:K00850;ko:K01814;ko:K00674;ko:K01803;ko:K00836;ko:K07173;ko:K00832;ko:K01940;ko:K01783;ko:K02501;ko:K00013;ko:K14170;ko:K01733;ko:K00765;ko:K00891;ko:K14682;ko:K01647;ko:K01754;ko:K00266;ko:K00831,ko01230,Biosynthesis of amino acids,7_vs_0,Rahnella
3,prerank,ko04112,-0.708971071068258,-1.8940544875647043,0.0020408163265306124,0.014343591069735366,0.095,10/11,25.68%,ko:K03589;ko:K11749;ko:K03544;ko:K02313;ko:K03531;ko:K01358;ko:K03590;ko:K02563;ko:K03588;ko:K01338,ko04112,Cell cycle - Caulobacter,7_vs_0,Rahnella
4,prerank,ko02030,-0.6561282623604834,-1.9342754830412792,0.0,0.008908714765968452,0.052,9/17,13.82%,ko:K03413;ko:K03415;ko:K02416;ko:K03407;ko:K02557;ko:K05876;ko:K03412;ko:K00575;ko:K02556,ko02030,Bacterial chemotaxis,7_vs_0,Rahnella
5,prerank,ko00190,-0.5227637453276075,-1.9430839527231516,0.0017543859649122807,0.008836676641176253,0.045,18/40,20.59%,ko:K02112;ko:K02114;ko:K02109;ko:K02113;ko:K02297;ko:K02115;ko:K02108;ko:K02110;ko:K02111;ko:K01507;ko:K02300;ko:K02298;ko:K00241;ko:K02299;ko:K00330;ko:K03885;ko:K00937;ko:K02257,ko00190,Oxidative phosphorylation,7_vs_0,Rahnella
6,prerank,ko03018,-0.6988424843349493,-2.0899475230917113,0.0019267822736030828,0.002017067494181536,0.009,14/16,28.42%,ko:K03628;ko:K03666;ko:K00962;ko:K05592;ko:K01689;ko:K08300;ko:K03732;ko:K04077;ko:K00850;ko:K11927;ko:K00937;ko:K08311;ko:K00970;ko:K12573,ko03018,RNA degradation,7_vs_0,Rahnella
7,prerank,ko00195,-0.9510595358224017,-2.2616367400822743,0.0,0.0,0.0,8/8,5.11%,ko:K02112;ko:K02114;ko:K02109;ko:K02113;ko:K02115;ko:K02108;ko:K02110;ko:K02111,ko00195,Photosynthesis,7_vs_0,Rahnella
8,prerank,ko00970,-0.712153009178239,-2.3030617318084765,0.0,0.0,0.0,19/24,16.21%,ko:K01868;ko:K01867;ko:K01886;ko:K01881;ko:K01875;ko:K01866;ko:K01869;ko:K01890;ko:K01892;ko:K00604;ko:K01893;ko:K01878;ko:K01873;ko:K01876;ko:K01883;ko:K01872;ko:K04567;ko:K01889;ko:K01874,ko00970,Aminoacyl-tRNA biosynthesis,7_vs_0,Rahnella
9,prerank,ko03060,-0.7589782498735458,-2.3409072637114696,0.0,0.0,0.0,18/18,24.47%,ko:K03076;ko:K03075;ko:K03210;ko:K03100;ko:K03116;ko:K03217;ko:K03117;ko:K03073;ko:K03070;ko:K03072;ko:K03071;ko:K13301;ko:K03106;ko:K03074;ko:K03110;ko:K03425;ko:K03118;ko:K03101,ko03060,Protein export,7_vs_0,Rahnella
10,prerank,ko02040,-0.6602751732899527,-2.5111925096983554,0.0,0.0,0.0,23/44,16.72%,ko:K02398;ko:K02406;ko:K02422;ko:K02403;ko:K02402;ko:K02416;ko:K02386;ko:K02425;ko:K02396;ko:K02399;ko:K02424;ko:K02415;ko:K02557;ko:K03086;ko:K02397;ko:K02405;ko:K02390;ko:K02387;ko:K02556;ko:K02408;ko:K02423;ko:K02388;ko:K02407,ko02040,Flagellar assembly,7_vs_0,Rahnella
11,prerank,ko03010,-0.8659918912017338,-3.4878592304913396,0.0,0.0,0.0,44/53,6.75%,ko:K02890;ko:K02914;ko:K02878;ko:K02919;ko:K02906;ko:K02986;ko:K02970;ko:K02892;ko:K02946;ko:K02871;ko:K02926;ko:K02963;ko:K02965;ko:K02895;ko:K02886;ko:K02904;ko:K02954;ko:K02907;ko:K02876;ko:K02988;ko:K02952;ko:K02933;ko:K02881;ko:K02874;ko:K02992;ko:K02945;ko:K02994;ko:K02863;ko:K02982;ko:K02990;ko:K02902;ko:K02867;ko:K02887;ko:K02967;ko:K02931;ko:K02864;ko:K02879;ko:K02888;ko:K02950;ko:K02916;ko:K02959;ko:K02968;ko:K02935;ko:K02956,ko03010,Ribosome,7_vs_0,Rahnella
0,prerank,ko00362,0.853215636822194,2.0249672825458687,0.0,0.013333024161758565,0.021,7/7,14.83%,ko:K10218;ko:K16515;ko:K01607;ko:K00632;ko:K01782;ko:K01821;ko:K16514,ko00362,Benzoate degradation,21_vs_0,Rahnella
1,prerank,ko00910,0.5989755342377042,1.8883156660149092,0.0,0.027825441728887446,0.089,9/16,10.67%,ko:K15577;ko:K00374;ko:K00371;ko:K05601;ko:K15578;ko:K00370;ko:K00372;ko:K00362;ko:K02575,ko00910,Nitrogen metabolism,21_vs_0,Rahnella
2,prerank,ko01310,0.8347241392839827,1.8856750602882568,0.0,0.018936758954381735,0.091,5/6,6.34%,ko:K00374;ko:K00371;ko:K00370;ko:K00372;ko:K00362,ko01310,Nitrogen cycle,21_vs_0,Rahnella
3,prerank,ko01200,-0.4310035042481568,-1.755408630404026,0.0013698630136986301,0.040109630782733975,0.282,33/83,20.42%,ko:K00246;ko:K01689;ko:K01961;ko:K00927;ko:K01624;ko:K00382;ko:K03841;ko:K01834;ko:K00627;ko:K00163;ko:K01963;ko:K00850;ko:K00033;ko:K00031;ko:K00241;ko:K00297;ko:K00209;ko:K00600;ko:K00121;ko:K00123;ko:K01803;ko:K01962;ko:K01754;ko:K01810;ko:K01682;ko:K01679;ko:K07404;ko:K00036;ko:K01070;ko:K01647;ko:K00925;ko:K01903;ko:K00658,ko01200,Carbon metabolism,21_vs_0,Rahnella
4,prerank,ko00785,-0.699996407946024,-1.7836908884291014,0.008665511265164644,0.033154203479369704,0.218,5/10,20.42%,ko:K00382;ko:K00627;ko:K00163;ko:K03644;ko:K00658,ko00785,Lipoic acid metabolism,21_vs_0,Rahnella
5,prerank,ko04112,-0.7541811231269937,-1.889636820604908,0.003436426116838488,0.009209500966491585,0.062,9/11,15.36%,ko:K01358;ko:K03544;ko:K03589;ko:K03590;ko:K02313;ko:K11749;ko:K01338;ko:K03531;ko:K02563,ko04112,Cell cycle - Caulobacter,21_vs_0,Rahnella
6,prerank,ko01230,-0.45528105350919806,-1.892512762867908,0.0,0.00988250296019674,0.059,40/91,23.94%,ko:K11258;ko:K00052;ko:K01689;ko:K11755;ko:K00053;ko:K01915;ko:K00927;ko:K01624;ko:K00674;ko:K01834;ko:K01739;ko:K14260;ko:K00850;ko:K00031;ko:K12339;ko:K00600;ko:K00872;ko:K01735;ko:K01803;ko:K00215;ko:K01754;ko:K01940;ko:K01682;ko:K00817;ko:K02501;ko:K00832;ko:K01953;ko:K07173;ko:K00836;ko:K01696;ko:K01647;ko:K00800;ko:K00928;ko:K00133;ko:K00013;ko:K13498;ko:K00826;ko:K01653;ko:K00265;ko:K14170,ko01230,Biosynthesis of amino acids,21_vs_0,Rahnella
7,prerank,ko00970,-0.6724589317209797,-2.08388792301831,0.0,0.0009108297659167502,0.004,19/24,22.23%,ko:K01868;ko:K01893;ko:K01886;ko:K01875;ko:K01890;ko:K01878;ko:K01881;ko:K01889;ko:K01892;ko:K01879;ko:K01872;ko:K01873;ko:K04567;ko:K01866;ko:K01869;ko:K01876;ko:K01874;ko:K01885;ko:K01867,ko00970,Aminoacyl-tRNA biosynthesis,21_vs_0,Rahnella
8,prerank,ko03018,-0.7444112768128106,-2.093883059359177,0.0,0.0010626347269028751,0.004,15/16,25.15%,ko:K03666;ko:K03628;ko:K01689;ko:K00962;ko:K04077;ko:K08300;ko:K05592;ko:K03732;ko:K00850;ko:K04043;ko:K08311;ko:K11927;ko:K00970;ko:K12573;ko:K00937,ko03018,RNA degradation,21_vs_0,Rahnella
9,prerank,ko00190,-0.6241995647281635,-2.2032006716555554,0.0,0.0,0.0,16/40,9.19%,ko:K02113;ko:K02110;ko:K02111;ko:K02109;ko:K02108;ko:K02112;ko:K02297;ko:K00246;ko:K02115;ko:K02300;ko:K00424;ko:K01507;ko:K02114;ko:K00334;ko:K02298;ko:K00241,ko00190,Oxidative phosphorylation,21_vs_0,Rahnella
10,prerank,ko03060,-0.7466334336749006,-2.2073075899354118,0.0,0.0,0.0,17/18,23.34%,ko:K03210;ko:K03076;ko:K03075;ko:K03073;ko:K03217;ko:K03101;ko:K03100;ko:K03074;ko:K03117;ko:K03072;ko:K03071;ko:K03070;ko:K03116;ko:K03425;ko:K13301;ko:K03106;ko:K03118,ko03060,Protein export,21_vs_0,Rahnella
11,prerank,ko00195,-0.9518163471241171,-2.225748723186703,0.0,0.0,0.0,8/8,5.04%,ko:K02113;ko:K02110;ko:K02111;ko:K02109;ko:K02108;ko:K02112;ko:K02115;ko:K02114,ko00195,Photosynthesis,21_vs_0,Rahnella
12,prerank,ko02040,-0.6280805588423898,-2.26373142222405,0.0,0.0,0.0,25/44,19.89%,ko:K02406;ko:K02420;ko:K02425;ko:K02403;ko:K02408;ko:K02398;ko:K02386;ko:K02422;ko:K02387;ko:K02405;ko:K02402;ko:K02411;ko:K02423;ko:K03086;ko:K02424;ko:K02397;ko:K02396;ko:K02557;ko:K02390;ko:K02407;ko:K02388;ko:K02399;ko:K02556;ko:K03092;ko:K02416,ko02040,Flagellar assembly,21_vs_0,Rahnella
13,prerank,ko03010,-0.8898934911069124,-3.315982809546139,0.0,0.0,0.0,44/53,5.99%,ko:K02904;ko:K02890;ko:K02907;ko:K02871;ko:K02895;ko:K02874;ko:K02986;ko:K02963;ko:K02946;ko:K02878;ko:K02933;ko:K02886;ko:K02881;ko:K02892;ko:K02954;ko:K02914;ko:K02888;ko:K02906;ko:K02952;ko:K02864;ko:K02926;ko:K02967;ko:K02902;ko:K02884;ko:K02994;ko:K02961;ko:K02965;ko:K02988;ko:K02867;ko:K02945;ko:K02931;ko:K02950;ko:K02959;ko:K02876;ko:K02990;ko:K02916;ko:K02935;ko:K02863;ko:K02968;ko:K02982;ko:K02887;ko:K02992;ko:K02970;ko:K02879,ko03010,Ribosome,21_vs_0,Rahnella
